Amplifier,Lamp1,Lamp2,Monitor1,Monitor2,Multimediacenter,PC-Desktop1,PC-Desktop2,PC-Laptop2,Subwoofer,TV-LCD1,TV-LCD2,USBHarddrive,USBHub,VideoProjector,Amplifier,Lamp1,Lamp2,Monitor1,Monitor2,Multimediacenter,PC-Desktop1,PC-Desktop2,PC-Laptop2,Subwoofer,TV-LCD1,TV-LCD2,USBHarddrive,USBHub,VideoProjector
0,0,207,0,0,0,2,90.15,19.12,0,0,0,13,0,0,0,0,207,0,0,0,2,90.15,19.12,0,0,0,13,0,0
0,0,207,0,0,0,2,90,19,0,0,0,13,0,0,0,0,207,0,0,0,2,90,19,0,0,0,13,0,0
0,0,207,0,0,0,2,90,19,0,0,0,13,0,0,0,0,207,0,0,0,2,90,19,0,0,0,13,0,0
0,0,207,0,0,0,2,90,19,0,0,0,13,0,0,0,0,207,0,0,0,2,90,19,0,0,0,13,0,0
0,0,207,0,0,0,2,90.14,18.76,0,0,0,13,0,0,0,0,207,0,0,0,2,90.14,18.76,0,0,0,13,0,0
0,0,207,0,0,0,2,90,19,0,0,0,13,0,0,0,0,207,0,0,0,2,90,19,0,0,0,13,0,0
0,0,207,0,0,0,2,90,18.87,0,0,0,13,0,0,0,0,207,0,0,0,2,90,18.87,0,0,0,13,0,0
0,0,207,0,0,0,2,90,19,0,0,0,13,0,0,0,0,207,0,0,0,2,90,19,0,0,0,13,0,0
0,0,207,0,0,0,2,90,19,0,0,0,13.65,0,0,0,0,207,0,0,0,2,90,19,0,0,0,13.65,0,0
0,0,207,0,0,0,2,90,19,0,0,0,13.27,0,0,0,0,207,0,0,0,2,90,19,0,0,0,13.27,0,0
0,0,207,0,0,0,2,90,19,0,0,0,13,0,0,0,0,207,0,0,0,2,90,19,0,0,0,13,0,0
0,0,207,0,0,0,2,90,19,0,0,0,12.82,0,0,0,0,207,0,0,0,2,90,19,0,0,0,12.82,0,0
0,0,196.71,0,0,0,2,90,19,0,0,0,13.55,0,0,0,0,196.71,0,0,0,2,90,19,0,0,0,13.55,0,0
0,0,93,0,0,0,2,90,19,0,0,0,12.93,0,0,0,0,93,0,0,0,2,90,19,0,0,0,12.93,0,0
0,0,94,0,0,0,2,90,19.65,0,0,0,12.88,0,0,0,0,94,0,0,0,2,90,19.65,0,0,0,12.88,0,0
0,0,94,0,0,0,2,90,19,0,0,0,13.11,0,0,0,0,94,0,0,0,2,90,19,0,0,0,13.11,0,0
0,0,94,0,0,0,2,90,19,0,0,0,13.61,0,0,0,0,94,0,0,0,2,90,19,0,0,0,13.61,0,0
0,0,94,0,0,0,2,90,19,0,0,0,13,0,0,0,0,94,0,0,0,2,90,19,0,0,0,13,0,0
0,0,94,0,0,0,2,90,19,0,0,0,12.84,0,0,0,0,94,0,0,0,2,90,19,0,0,0,12.84,0,0
0,0,94,0,0,0,2,90,19,0,0,0,14.11,0,0,0,0,94,0,0,0,2,90,19,0,0,0,14.11,0,0
0,0,94,0,0,0,2,90.14,19,0,0,0,13,0,0,0,0,94,0,0,0,2,90.14,19,0,0,0,13,0,0
0,0,94,0,0,0,2,90.14,19.13,0,0,0,13,0,0,0,0,94,0,0,0,2,90.14,19.13,0,0,0,13,0,0
0,0,94,0,0,0,2,90,19,0,0,0,13.11,0,0,0,0,94,0,0,0,2,90,19,0,0,0,13.11,0,0
0,0,94,0,0,0,2,90,19,0,0,0,13.83,0,0,0,0,94,0,0,0,2,90,19,0,0,0,13.83,0,0
0,0,94,0,0,0,2,90,19,0,0,0,12.84,0,0,0,0,94,0,0,0,2,90,19,0,0,0,12.84,0,0
0,0,94,0,0,0,2,90,18.73,0,0,0,12.82,0,0,0,0,94,0,0,0,2,90,18.73,0,0,0,12.82,0,0
0,0,94.22,0,0,0,2,90,19,0,0,0,13.91,0,0,0,0,94.22,0,0,0,2,90,19,0,0,0,13.91,0,0
0,0,94,0,0,0,2,90,19,0,0,0,13.17,0,0,0,0,94,0,0,0,2,90,19,0,0,0,13.17,0,0
0,0,94,0,0,0,2,90,19,0,0,0,12.95,0,0,0,0,94,0,0,0,2,90,19,0,0,0,12.95,0,0
0,0,94.35,0,0,0,2,90,19,0,0,0,13,0,0,0,0,94.35,0,0,0,2,90,19,0,0,0,13,0,0
0,0,95.87,0,0,0,2,90,19,0,0,0,13.98,0,0,0,0,95.87,0,0,0,2,90,19,0,0,0,13.98,0,0
0,0,96,0,0,0,2,90,19,0,0,0,13,0,0,0,0,96,0,0,0,2,90,19,0,0,0,13,0,0
0,0,96,0,0,0,2,90,19,0,0,0,13,0,0,0,0,96,0,0,0,2,90,19,0,0,0,13,0,0
0,0,95.88,0,0,0,2,90,19,0,0,0,13.54,0,0,0,0,95.88,0,0,0,2,90,19,0,0,0,13.54,0,0
0,0,96,0,0,0,2,90.05,19,0,0,0,13.54,0,0,0,0,96,0,0,0,2,90.05,19,0,0,0,13.54,0,0
0,0,95.88,0,0,0,2,90.14,18.88,0,0,0,13,0,0,0,0,95.88,0,0,0,2,90.14,18.88,0,0,0,13,0,0
0,0,96,0,0,0,2,90,19,0,0,0,12.83,0,0,0,0,96,0,0,0,2,90,19,0,0,0,12.83,0,0
0,0,96,0,0,0,2,90.12,19,0,0,0,14.14,0,0,0,0,96,0,0,0,2,90.12,19,0,0,0,14.14,0,0
0,0,96,0,0,0,2,90,19,0,0,0,12.6,0,0,0,0,96,0,0,0,2,90,19,0,0,0,12.6,0,0
0,0,96,0,0,0,2,90,19,0,0,0,12.87,0,0,0,0,96,0,0,0,2,90,19,0,0,0,12.87,0,0
0,0,96,0,0,0,2,90,19,0,0,0,12.83,0,0,0,0,96,0,0,0,2,90,19,0,0,0,12.83,0,0
0,0,96,0,0,0,2,90,19,0,0,0,13.57,0,0,0,0,96,0,0,0,2,90,19,0,0,0,13.57,0,0
0,0,96,0,0,0,2,90,19,0,0,0,12.82,0,0,0,0,96,0,0,0,2,90,19,0,0,0,12.82,0,0
0,0,96,0,0,0,2,90,19,0,0,0,12.66,0,0,0,0,96,0,0,0,2,90,19,0,0,0,12.66,0,0
0,0,95.75,0,0,0,2,90,19,0,0,0,13.54,0,0,0,0,95.75,0,0,0,2,90,19,0,0,0,13.54,0,0
0,0,92,0,0,0,2,90,19,0,0,0,12.89,0,0,0,0,92,0,0,0,2,90,19,0,0,0,12.89,0,0
0,0,92.24,0,0,0,2,90,19.81,0,0,0,12.67,0,0,0,0,92.24,0,0,0,2,90,19.81,0,0,0,12.67,0,0
0,0,92.12,0,0,0,2,90,18.73,0,0,0,12.94,0,0,0,0,92.12,0,0,0,2,90,18.73,0,0,0,12.94,0,0
0,0,92.38,0,0,0,2,90,19,0,0,0,14.14,0,0,0,0,92.38,0,0,0,2,90,19,0,0,0,14.14,0,0
0,0,92,0,0,0,2,90,19,0,0,0,13,0,0,0,0,92,0,0,0,2,90,19,0,0,0,13,0,0
0,0,92,0,0,0,2,90.12,19,0,0,0,12.33,0,0,0,0,92,0,0,0,2,90.12,19,0,0,0,12.33,0,0
0,0,92,0,0,0,2,90,19.12,0,0,0,13.61,0,0,0,0,92,0,0,0,2,90,19.12,0,0,0,13.61,0,0
0,0,92,0,0,0,2,90.05,19,0,0,0,13.17,0,0,0,0,92,0,0,0,2,90.05,19,0,0,0,13.17,0,0
0,0,92,0,0,0,2,90,19,0,0,0,13,0,0,0,0,92,0,0,0,2,90,19,0,0,0,13,0,0
0,0,92,0,0,0,2,90,19,0,0,0,13,0,0,0,0,92,0,0,0,2,90,19,0,0,0,13,0,0
0,0,93.38,0,0,0,2,90,19,0,0,0,14.14,0,0,0,0,93.38,0,0,0,2,90,19,0,0,0,14.14,0,0
0,0,94,0,0,0,2,90,19,0,0,0,13,0,0,0,0,94,0,0,0,2,90,19,0,0,0,13,0,0
0,0,94,0,0,0,2,90,19,0,0,0,12.56,0,0,0,0,94,0,0,0,2,90,19,0,0,0,12.56,0,0
0,0,93.88,0,0,0,2,90,18.73,0,0,0,12.89,0,0,0,0,93.88,0,0,0,2,90,18.73,0,0,0,12.89,0,0
0,0,94,0,0,0,2,90,19,0,0,0,13.78,0,0,0,0,94,0,0,0,2,90,19,0,0,0,13.78,0,0
0,0,94,0,0,0,2,90,18.87,0,0,0,13,0,0,0,0,94,0,0,0,2,90,18.87,0,0,0,13,0,0
0,0,94,0,0,0,2,90,19,0,0,0,12.77,0,0,0,0,94,0,0,0,2,90,19,0,0,0,12.77,0,0
0,0,94,0,0,0,2,90,18.88,0,0,0,14.14,0,0,0,0,94,0,0,0,2,90,18.88,0,0,0,14.14,0,0
0,0,94,0,0,0,2,90,19,0,0,0,13,0,0,0,0,94,0,0,0,2,90,19,0,0,0,13,0,0
0,0,94,0,0,0,2,90,19,0,0,0,12.9,0,0,0,0,94,0,0,0,2,90,19,0,0,0,12.9,0,0
0,0,93.38,0,0,0,2,90.12,19,0,0,0,12.87,0,0,0,0,93.38,0,0,0,2,90.12,19,0,0,0,12.87,0,0
0,0,94,0,0,0,2,90,19,0,0,0,13.75,0,0,0,0,94,0,0,0,2,90,19,0,0,0,13.75,0,0
0,0,94,0,0,0,2,90.12,19,0,0,0,12.45,0,0,0,0,94,0,0,0,2,90.12,19,0,0,0,12.45,0,0
0,0,94,0,0,0,2,90,19,0,0,0,12.75,0,0,0,0,94,0,0,0,2,90,19,0,0,0,12.75,0,0
0,0,94,0,0,0,2,90,18.88,0,0,0,14.16,0,0,0,0,94,0,0,0,2,90,18.88,0,0,0,14.16,0,0
0,0,94,0,0,0,2,90,18.88,0,0,0,13.14,0,0,0,0,94,0,0,0,2,90,18.88,0,0,0,13.14,0,0
0,0,94,0,0,0,2,90,18.87,0,0,0,12.3,0,0,0,0,94,0,0,0,2,90,18.87,0,0,0,12.3,0,0
0,0,94,0,0,0,2,90,19,0,0,0,12.96,0,0,0,0,94,0,0,0,2,90,19,0,0,0,12.96,0,0
0,0,94,0,0,0,2,90,19,0,0,0,14.07,0,0,0,0,94,0,0,0,2,90,19,0,0,0,14.07,0,0
0,0,94,0,0,0,2,90,19,0,0,0,13,0,0,0,0,94,0,0,0,2,90,19,0,0,0,13,0,0
0,0,94,0,0,0,2,90,19,0,0,0,12.89,0,0,0,0,94,0,0,0,2,90,19,0,0,0,12.89,0,0
0,0,94,0,0,0,2,90,19,0,0,0,13.63,0,0,0,0,94,0,0,0,2,90,19,0,0,0,13.63,0,0
0,0,94,0,0,0,2,90,19,0,0,0,13.5,0,0,0,0,94,0,0,0,2,90,19,0,0,0,13.5,0,0
0,0,94,0,0,0,2,90,19,0,0,0,12.83,0,0,0,0,94,0,0,0,2,90,19,0,0,0,12.83,0,0
0,0,94,0,0,0,2,90,19.44,0,0,0,13,0,0,0,0,94,0,0,0,2,90,19.44,0,0,0,13,0,0
0,0,94,0,0,0,2,90.14,18.87,0,0,0,14.17,0,0,0,0,94,0,0,0,2,90.14,18.87,0,0,0,14.17,0,0
0,0,94,0,0,0,2,90,18.88,0,0,0,12.89,0,0,0,0,94,0,0,0,2,90,18.88,0,0,0,12.89,0,0
0,0,9.88,0,0,0,2,90.12,18.87,0,0,0,12.97,0,0,0,0,9.88,0,0,0,2,90.12,18.87,0,0,0,12.97,0,0
0,0,0,0,0,0,2,90,19,0,0,0,13.1,0,0,0,0,0,0,0,0,2,90,19,0,0,0,13.1,0,0
0,0,0,0,0,0,2,90,19,0,0,0,14,0,0,0,0,0,0,0,0,2,90,19,0,0,0,14,0,0
0,0,0,0,0,0,2,90,19,0,0,0,12.78,0,0,0,0,0,0,0,0,2,90,19,0,0,0,12.78,0,0
0,0,0,0,0,0,2,90,19,0,0,0,13,0,0,0,0,0,0,0,0,2,90,19,0,0,0,13,0,0
0,0,0,0,0,0,2,90,19,0,0,0,14.06,0,0,0,0,0,0,0,0,2,90,19,0,0,0,14.06,0,0
0,0,0,0,0,0,2,90,19,0,0,0,12.71,0,0,0,0,0,0,0,0,2,90,19,0,0,0,12.71,0,0
0,0,0,0,0,0,2,90,18.75,0,0,0,13,0,0,0,0,0,0,0,0,2,90,18.75,0,0,0,13,0,0
0,0,0,0,0,0,2,90,18.88,0,0,0,13,0,0,0,0,0,0,0,0,2,90,18.88,0,0,0,13,0,0
0,0,0,0,0,0,2,90,18.88,0,0,0,14.08,0,0,0,0,0,0,0,0,2,90,18.88,0,0,0,14.08,0,0
0,0,0,0,0,0,2,90,19,0,0,0,12.68,0,0,0,0,0,0,0,0,2,90,19,0,0,0,12.68,0,0
0,0,0,0,0,0,2,90,19,0,0,0,12.63,0,0,0,0,0,0,0,0,2,90,19,0,0,0,12.63,0,0
0,0,0,0,0,0,2,90,19,0,0,0,13.42,0,0,0,0,0,0,0,0,2,90,19,0,0,0,13.42,0,0
0,0,0,0,0,0,2,90.12,19,0,0,0,13.26,0,0,0,0,0,0,0,0,2,90.12,19,0,0,0,13.26,0,0
0,0,0,0,0,0,2,90,19,0,0,0,12.67,0,0,0,0,0,0,0,0,2,90,19,0,0,0,12.67,0,0
0,0,0,0,0,0,2,90.14,19,0,0,0,13,0,0,0,0,0,0,0,0,2,90.14,19,0,0,0,13,0,0
0,0,0,0,0,0,2,90,19,0,0,0,14.14,0,0,0,0,0,0,0,0,2,90,19,0,0,0,14.14,0,0
0,0,0,0,0,0,2,90,19,0,0,0,12.74,0,0,0,0,0,0,0,0,2,90,19,0,0,0,12.74,0,0
0,0,0,0,0,0,2,90,18.87,0,0,0,13,0,0,0,0,0,0,0,0,2,90,18.87,0,0,0,13,0,0
0,0,0,0,0,0,2,90,19,0,0,0,13.53,0,0,0,0,0,0,0,0,2,90,19,0,0,0,13.53,0,0
0,0,0,0,0,0,2,90,18.88,0,0,0,13.73,0,0,0,0,0,0,0,0,2,90,18.88,0,0,0,13.73,0,0
0,0,0,0,0,0,2,90,19,0,0,0,12.66,0,0,0,0,0,0,0,0,2,90,19,0,0,0,12.66,0,0
0,0,0,0,0,0,2,90,19,0,0,0,13,0,0,0,0,0,0,0,0,2,90,19,0,0,0,13,0,0
0,0,0,0,0,0,2,90,19,0,0,0,14.14,0,0,0,0,0,0,0,0,2,90,19,0,0,0,14.14,0,0
0,0,0,0,0,0,2,90,19,0,0,0,12.31,0,0,0,0,0,0,0,0,2,90,19,0,0,0,12.31,0,0
0,0,0,0,0,0,2,90,19,0,0,0,12.68,0,0,0,0,0,0,0,0,2,90,19,0,0,0,12.68,0,0
0,0,0,0,0,0,2,90,19,0,0,0,12.72,0,0,0,0,0,0,0,0,2,90,19,0,0,0,12.72,0,0
0,0,0,0,0,0,2,90,19,0,0,0,14.09,0,0,0,0,0,0,0,0,2,90,19,0,0,0,14.09,0,0
0,0,0,0,0,0,2,90,19.53,0,0,0,13,0,0,0,0,0,0,0,0,2,90,19.53,0,0,0,13,0,0
0,0,0,0,0,0,2,90.12,19,0,0,0,13,0,0,0,0,0,0,0,0,2,90.12,19,0,0,0,13,0,0
0,0,0,0,0,0,2,90.12,19,0,0,0,13.89,0,0,0,0,0,0,0,0,2,90.12,19,0,0,0,13.89,0,0
0,0,0,0,0,0,2,90,18.88,0,0,0,12.95,0,0,0,0,0,0,0,0,2,90,18.88,0,0,0,12.95,0,0
0,0,0,0,0,0,2,90,19,0,0,0,13,0,0,0,0,0,0,0,0,2,90,19,0,0,0,13,0,0
0,0,0,0,0,0,2,90,19,0,0,0,12.78,0,0,0,0,0,0,0,0,2,90,19,0,0,0,12.78,0,0
0,0,0,0,0,0,2,90,19,0,0,0,13.96,0,0,0,0,0,0,0,0,2,90,19,0,0,0,13.96,0,0
0,0,0,0,0,0,2,90,19,0,0,0,13,0,0,0,0,0,0,0,0,2,90,19,0,0,0,13,0,0
0,0,0,0,0,0,2,90,19,0,0,0,12.78,0,0,0,0,0,0,0,0,2,90,19,0,0,0,12.78,0,0
0,0,0,0,0,0,2,90,19,0,0,0,13.23,0,0,0,0,0,0,0,0,2,90,19,0,0,0,13.23,0,0
0,0,0,0,0,0,2,90,18.88,0,0,0,13.5,0,0,0,0,0,0,0,0,2,90,18.88,0,0,0,13.5,0,0
0,0,0,0,0,0,2,90.21,19,0,0,0,13,0,0,0,0,0,0,0,0,2,90.21,19,0,0,0,13,0,0
0,0,0,0,0,0,2,90,19,0,0,0,13,0,0,0,0,0,0,0,0,2,90,19,0,0,0,13,0,0
0,0,0,0,0,0,2,90,19,0,0,0,14.12,0,0,0,0,0,0,0,0,2,90,19,0,0,0,14.12,0,0
0,0,0,0,0,0,2,90,19,0,0,0,13,0,0,0,0,0,0,0,0,2,90,19,0,0,0,13,0,0
0,0,0,0,0,0,2,90,19,0,0,0,13,0,0,0,0,0,0,0,0,2,90,19,0,0,0,13,0,0
0,0,0,0,0,0,2,90.24,19.12,0,0,0,13.15,0,0,0,0,0,0,0,0,2,90.24,19.12,0,0,0,13.15,0,0
0,0,0,0,0,0,2,90,19,0,0,0,13.95,0,0,0,0,0,0,0,0,2,90,19,0,0,0,13.95,0,0
0,0,0,0,0,0,2,90,19,0,0,0,13,0,0,0,0,0,0,0,0,2,90,19,0,0,0,13,0,0
0,0,0,0,0,0,2,90,19,0,0,0,13,0,0,0,0,0,0,0,0,2,90,19,0,0,0,13,0,0
0,0,0,0,0,0,2,90,18.75,0,0,0,13.81,0,0,0,0,0,0,0,0,2,90,18.75,0,0,0,13.81,0,0
0,0,0,0,0,0,2,90,18.88,0,0,0,12.72,0,0,0,0,0,0,0,0,2,90,18.88,0,0,0,12.72,0,0
0,0,0,0,0,0,2,90,19,0,0,0,13,0,0,0,0,0,0,0,0,2,90,19,0,0,0,13,0,0
0,0,0,0,0,0,2,90,19,0,0,0,12.74,0,0,0,0,0,0,0,0,2,90,19,0,0,0,12.74,0,0
0,0,0,0,0,0,2,90,19,0,0,0,14,0,0,0,0,0,0,0,0,2,90,19,0,0,0,14,0,0
0,0,0,0,0,0,2,90,19,0,0,0,12.83,0,0,0,0,0,0,0,0,2,90,19,0,0,0,12.83,0,0
0,0,0,0,0,0,2,90,19.12,0,0,0,12.94,0,0,0,0,0,0,0,0,2,90,19.12,0,0,0,12.94,0,0
0,0,0,0,0,0,2,90,19,0,0,0,13.61,0,0,0,0,0,0,0,0,2,90,19,0,0,0,13.61,0,0
0,0,0,0,0,0,2,90,19,0,0,0,13.44,0,0,0,0,0,0,0,0,2,90,19,0,0,0,13.44,0,0
0,0,0,0,0,0,2,90,19,0,0,0,12.89,0,0,0,0,0,0,0,0,2,90,19,0,0,0,12.89,0,0
0,0,0,0,0,0,2,90.12,19.69,0,0,0,12.94,0,0,0,0,0,0,0,0,2,90.12,19.69,0,0,0,12.94,0,0
0,0,0,0,0,0,2,90.14,19,0,0,0,14,0,0,0,0,0,0,0,0,2,90.14,19,0,0,0,14,0,0
0,0,0,0,0,0,2,90,18.75,0,0,0,12.71,0,0,0,0,0,0,0,0,2,90,18.75,0,0,0,12.71,0,0
0,0,0,0,0,0,2,90.12,19,0,0,0,12.61,0,0,0,0,0,0,0,0,2,90.12,19,0,0,0,12.61,0,0
0,0,0,0,0,0,2,90,19,0,0,0,13.4,0,0,0,0,0,0,0,0,2,90,19,0,0,0,13.4,0,0
0,0,0,0,0,0,2,90,19,0,0,0,13.74,0,0,0,0,0,0,0,0,2,90,19,0,0,0,13.74,0,0
0,0,0,0,0,0,2,90,19,0,0,0,13,0,0,0,0,0,0,0,0,2,90,19,0,0,0,13,0,0
0,0,0,0,0,0,2,90,19,0,0,0,13,0,0,0,0,0,0,0,0,2,90,19,0,0,0,13,0,0
0,0,0,0,0,0,2,90,19,0,0,0,13.72,0,0,0,0,0,0,0,0,2,90,19,0,0,0,13.72,0,0
0,0,0,0,0,0,2,90,19,0,0,0,13,0,0,0,0,0,0,0,0,2,90,19,0,0,0,13,0,0
0,0,0,0,0,0,2,90,19,0,0,0,12.76,0,0,0,0,0,0,0,0,2,90,19,0,0,0,12.76,0,0
0,0,0,0,0,0,2,90.14,19,0,0,0,13.05,0,0,0,0,0,0,0,0,2,90.14,19,0,0,0,13.05,0,0
0,0,0,0,0,0,2,90,19,0,0,0,14.14,0,0,0,0,0,0,0,0,2,90,19,0,0,0,14.14,0,0
0,0,0,0,0,0,2,90,19,0,0,0,12.68,0,0,0,0,0,0,0,0,2,90,19,0,0,0,12.68,0,0
0,0,0,0,0,0,2,90,18.88,0,0,0,13,0,0,0,0,0,0,0,0,2,90,18.88,0,0,0,13,0,0
0,0,0,0,0,0,2,90.14,19,0,0,0,13.96,0,0,0,0,0,0,0,0,2,90.14,19,0,0,0,13.96,0,0
0,0,0,0,0,0,2,90.12,19,0,0,0,12.93,0,0,0,0,0,0,0,0,2,90.12,19,0,0,0,12.93,0,0
0,0,0,0,0,0,2,90,19,0,0,0,12.77,0,0,0,0,0,0,0,0,2,90,19,0,0,0,12.77,0,0
0,0,0,0,0,0,2,90,19,0,0,0,13,0,0,0,0,0,0,0,0,2,90,19,0,0,0,13,0,0
0,0,0,0,0,0,2,90,19,0,0,0,13.93,0,0,0,0,0,0,0,0,2,90,19,0,0,0,13.93,0,0
0,0,0,0,0,0,2,90,19,0,0,0,12.86,0,0,0,0,0,0,0,0,2,90,19,0,0,0,12.86,0,0
0,0,0,0,0,0,2,90,18.88,0,0,0,12.74,0,0,0,0,0,0,0,0,2,90,18.88,0,0,0,12.74,0,0
0,0,0,0,0,0,2,90,18.87,0,0,0,13.24,0,0,0,0,0,0,0,0,2,90,18.87,0,0,0,13.24,0,0
0,0,0,0,0,0,2,90,19,0,0,0,13.79,0,0,0,0,0,0,0,0,2,90,19,0,0,0,13.79,0,0
0,0,0,0,0,0,2,90,19,0,0,0,12.72,0,0,0,0,0,0,0,0,2,90,19,0,0,0,12.72,0,0
0,0,0,0,0,0,2,90,19,0,0,0,12.68,0,0,0,0,0,0,0,0,2,90,19,0,0,0,12.68,0,0
0,0,0,0,0,0,2,90,19,0,0,0,14.09,0,0,0,0,0,0,0,0,2,90,19,0,0,0,14.09,0,0
0,0,0,0,0,0,2,90,19,0,0,0,12.88,0,0,0,0,0,0,0,0,2,90,19,0,0,0,12.88,0,0
0,0,0,0,0,0,2,90,19,0,0,0,12.68,0,0,0,0,0,0,0,0,2,90,19,0,0,0,12.68,0,0
0,0,0,0,0,0,2,90.12,19,0,0,0,13.23,0,0,0,0,0,0,0,0,2,90.12,19,0,0,0,13.23,0,0
0,0,0,0,0,0,2,90,19,0,0,0,13.91,0,0,0,0,0,0,0,0,2,90,19,0,0,0,13.91,0,0
0,0,0,0,0,0,2,90.14,18.88,0,0,0,13,0,0,0,0,0,0,0,0,2,90.14,18.88,0,0,0,13,0,0
0,0,0,0,0,0,2,90,19.69,0,0,0,12.94,0,0,0,0,0,0,0,0,2,90,19.69,0,0,0,12.94,0,0
0,0,0,0,0,0,2,90,19.13,0,0,0,13.94,0,0,0,0,0,0,0,0,2,90,19.13,0,0,0,13.94,0,0
0,0,0,0,0,0,2,90,18.88,0,0,0,13.06,0,0,0,0,0,0,0,0,2,90,18.88,0,0,0,13.06,0,0
0,0,0,0,0,0,2,90,19,0,0,0,13,0,0,0,0,0,0,0,0,2,90,19,0,0,0,13,0,0
0,0,0,0,0,0,2,90,19.12,0,0,0,12.89,0,0,0,0,0,0,0,0,2,90,19.12,0,0,0,12.89,0,0
0,0,0,0,0,0,2,90,19,0,0,0,14,0,0,0,0,0,0,0,0,2,90,19,0,0,0,14,0,0
0,42.33,0,0,0,0,2,90,19,0,0,0,13,0,0,0,42.33,0,0,0,0,2,90,19,0,0,0,13,0,0
0,45,0,0,0,0,2,90,19,0,0,3.73,13,0,0,0,45,0,0,0,0,2,90,19,0,0,3.73,13,0,0
0,45,0,0,0,0,2,90,19,0,0,15,13.62,0,0,0,45,0,0,0,0,2,90,19,0,0,15,13.62,0,0
0,45,0,0,0,0,2,90,19,0,0,14.29,13.46,0,0,0,45,0,0,0,0,2,90,19,0,0,14.29,13.46,0,0
0,45,0,0,0,0,2,90,18.62,0,0,13,12.84,0,0,0,45,0,0,0,0,2,90,18.62,0,0,13,12.84,0,0
0,45,0,0,0,0,2,90,18.88,0,0,13,13,0,0,0,45,0,0,0,0,2,90,18.88,0,0,13,13,0,0
0,45,0,0,0,0,2,90.14,18.88,0,0,5.56,14.11,0,0,0,45,0,0,0,0,2,90.14,18.88,0,0,5.56,14.11,0,0
0,45,0,0,0,0,2,90,19,0,0,0,12.77,0,0,0,45,0,0,0,0,2,90,19,0,0,0,12.77,0,0
0,45,0,0,0,0,2,90.12,19,0,0,0,13,0,0,0,45,0,0,0,0,2,90.12,19,0,0,0,13,0,0
0,45,0,0,0,0,2,90,19,0,0,0,13.23,0,0,0,45,0,0,0,0,2,90,19,0,0,0,13.23,0,0
0,45,0,0,0,0,2,90,19,0,0,0,13.39,0,0,0,45,0,0,0,0,2,90,19,0,0,0,13.39,0,0
0,45,0,0,0,0,2,90,19,0,0,0,12.26,0,0,0,45,0,0,0,0,2,90,19,0,0,0,12.26,0,0
0,45,0,0,0,0,2,90,19,0,0,0,13,0,0,0,45,0,0,0,0,2,90,19,0,0,0,13,0,0
0,45,0,0,0,0,2,90,19,0,0,0,14.36,0,0,0,45,0,0,0,0,2,90,19,0,0,0,14.36,0,0
0,45,0,0,0,0,2,90,19,0,0,0,12.85,0,0,0,45,0,0,0,0,2,90,19,0,0,0,12.85,0,0
0,45,0,0,0,0,2,90,18.88,0,0,0,12.33,0,0,0,45,0,0,0,0,2,90,18.88,0,0,0,12.33,0,0
0,45,0,0,0,0,2,90,19,0,0,0,13,0,0,0,45,0,0,0,0,2,90,19,0,0,0,13,0,0
0,45,0,0,0,0,2,90,19,0,0,0,14.06,0,0,0,45,0,0,0,0,2,90,19,0,0,0,14.06,0,0
0,45,0,0,0,0,2,90,19,0,0,0,12.57,0,0,0,45,0,0,0,0,2,90,19,0,0,0,12.57,0,0
0,45,0,0,0,0,2,90.12,19,0,0,0,12.83,0,0,0,45,0,0,0,0,2,90.12,19,0,0,0,12.83,0,0
0,45,0,0,0,0,2,90,19,0,0,0,13.89,0,0,0,45,0,0,0,0,2,90,19,0,0,0,13.89,0,0
0,45,0,0,0,0,2,90,19,0,0,0,13.28,0,0,0,45,0,0,0,0,2,90,19,0,0,0,13.28,0,0
0,45,0,0,0,0,2,90.29,19,0,0,0,12.68,0,0,0,45,0,0,0,0,2,90.29,19,0,0,0,12.68,0,0
0,45,0,0,0,0,2,90,19,0,0,0,12.89,0,0,0,45,0,0,0,0,2,90,19,0,0,0,12.89,0,0
0,45,0,0,0,0,2,90,19,0,0,0,14.04,0,0,0,45,0,0,0,0,2,90,19,0,0,0,14.04,0,0
0,45,0,0,0,0,2,90,19,0,0,0,12.74,0,0,0,45,0,0,0,0,2,90,19,0,0,0,12.74,0,0
0,45,0,0,0,0,2,90,18.73,0,0,0,13,0,0,0,45,0,0,0,0,2,90,18.73,0,0,0,13,0,0
0,44.83,0,0,0,0,2,90,19,0,0,0,13.51,0,0,0,44.83,0,0,0,0,2,90,19,0,0,0,13.51,0,0
0,44.64,0,0,0,0,2,90,19,0,0,0,13.61,0,0,0,44.64,0,0,0,0,2,90,19,0,0,0,13.61,0,0
0,45,0,0,0,0,2,90,19,0,0,0,12.94,0,0,0,45,0,0,0,0,2,90,19,0,0,0,12.94,0,0
0,45,0,0,0,0,2,90,20.06,0,0,0,12.95,0,0,0,45,0,0,0,0,2,90,20.06,0,0,0,12.95,0,0
0,45,0,0,0,0,2,90,19,0,0,0,13.89,0,0,0,45,0,0,0,0,2,90,19,0,0,0,13.89,0,0
0,45,0,0,0,0,2,90,19,0,0,0,12.51,0,0,0,45,0,0,0,0,2,90,19,0,0,0,12.51,0,0
0,45,0,0,0,0,2,90,19,0,0,0,13,0,0,0,45,0,0,0,0,2,90,19,0,0,0,13,0,0
0,45,0,0,0,0,2,90,18.88,0,0,0,13.17,0,0,0,45,0,0,0,0,2,90,18.88,0,0,0,13.17,0,0
0,45,0,0,0,0,2,90,18.75,0,0,0,13.69,0,0,0,45,0,0,0,0,2,90,18.75,0,0,0,13.69,0,0
0,45,0,0,0,0,2,90.14,19,0,0,0,13,0,0,0,45,0,0,0,0,2,90.14,19,0,0,0,13,0,0
0,45,0,0,0,0,2,90,19,0,0,0,12.89,0,0,0,45,0,0,0,0,2,90,19,0,0,0,12.89,0,0
0,45,0,0,0,0,2,90.12,19,0,0,0,14.3,0,0,0,45,0,0,0,0,2,90.12,19,0,0,0,14.3,0,0
0,45,0,0,0,0,2,90,19,0,0,0,12.97,0,0,0,45,0,0,0,0,2,90,19,0,0,0,12.97,0,0
0,45,0,0,0,0,2,90,19,0,0,0,13,0,0,0,45,0,0,0,0,2,90,19,0,0,0,13,0,0
0,45,0,0,0,0,2,90,19,0,0,0,13,0,0,0,45,0,0,0,0,2,90,19,0,0,0,13,0,0
0,28.32,0,0,0,0,2,90,19,0,0,0,14.14,0,0,0,28.32,0,0,0,0,2,90,19,0,0,0,14.14,0,0
0,0,0,0,0,0,2,90,19.12,0,0,0,12.7,0,0,0,0,0,0,0,0,2,90,19.12,0,0,0,12.7,0,0
0,0,0,0,0,0,2,90,19,0,0,0,12.9,0,0,0,0,0,0,0,0,2,90,19,0,0,0,12.9,0,0
0,0,0,0,0,0,2,90,18.75,0,0,0,13.28,0,0,0,0,0,0,0,0,2,90,18.75,0,0,0,13.28,0,0
0,0,0,0,0,0,2,90,19,0,0,0,13.4,0,0,0,0,0,0,0,0,2,90,19,0,0,0,13.4,0,0
0,0,0,0,0,0,2,90,19,0,0,0,12.89,0,0,0,0,0,0,0,0,2,90,19,0,0,0,12.89,0,0
0,0,0,0,0,0,2,90,19,0,0,0,13,0,0,0,0,0,0,0,0,2,90,19,0,0,0,13,0,0
0,0,0,0,0,0,2,90.14,19,0,0,0,14.14,0,0,0,0,0,0,0,0,2,90.14,19,0,0,0,14.14,0,0
0,0,0,0,0,0,2,90,19,0,0,0,13,0,0,0,0,0,0,0,0,2,90,19,0,0,0,13,0,0
0,0,0,0,0,0,2,90,19,0,0,0,13,0,0,0,0,0,0,0,0,2,90,19,0,0,0,13,0,0
0,0,0,0,0,0,2,90.12,19,0,0,0,13.11,0,0,0,0,0,0,0,0,2,90.12,19,0,0,0,13.11,0,0
0,0,0,0,0,0,2,90.12,19,0,0,0,13.67,0,0,0,0,0,0,0,0,2,90.12,19,0,0,0,13.67,0,0
0,0,0,0,0,0,2,90,19,0,0,0,13,0,0,0,0,0,0,0,0,2,90,19,0,0,0,13,0,0
0,0,0,0,0,0,2,90,19,0,0,0,12.89,0,0,0,0,0,0,0,0,2,90,19,0,0,0,12.89,0,0
0,0,0,0,0,0,2,90,18.88,0,0,0,14.14,0,0,0,0,0,0,0,0,2,90,18.88,0,0,0,14.14,0,0
0,0,0,0,0,0,2,90,18.88,0,0,0,12.65,0,0,0,0,0,0,0,0,2,90,18.88,0,0,0,12.65,0,0
0,0,0,0,0,0,2,90,19,0,0,0,13,0,0,0,0,0,0,0,0,2,90,19,0,0,0,13,0,0
0,0,0,0,0,0,2,90,18.88,0,0,0,13,0,0,0,0,0,0,0,0,2,90,18.88,0,0,0,13,0,0
0,0,0,0,0,0,2,90.03,18.88,0,0,0,9.4,0,0,0,0,0,0,0,0,2,90.03,18.88,0,0,0,9.4,0,0
0,0,0,0,0,0,2,100.81,20.25,0,0,0,0,0,0,0,0,0,0,0,0,2,100.81,20.25,0,0,0,0,0,0
0,0,0,0,0,0,2,92.22,19,0,0,0,0,0,0,0,0,0,0,0,0,2,92.22,19,0,0,0,0,0,0
0,0,0,0,0,0,2,90.12,19,0,0,0,0,0,0,0,0,0,0,0,0,2,90.12,19,0,0,0,0,0,0
0,0,0,0,0,0,2,90,19,0,0,0,0,0,0,0,0,0,0,0,0,2,90,19,0,0,0,0,0,0
0,0,0,0,0,0,2,90,19,0,0,0,0,0,0,0,0,0,0,0,0,2,90,19,0,0,0,0,0,0
0,0,0,0,0,0,2,90,18.88,0,0,0,0,0,0,0,0,0,0,0,0,2,90,18.88,0,0,0,0,0,0
0,0,0,0,0,0,2,90.34,18.88,0,0,0,0,0,0,0,0,0,0,0,0,2,90.34,18.88,0,0,0,0,0,0
0,0,0,0,0,0,2,90,19,0,0,0,0,0,0,0,0,0,0,0,0,2,90,19,0,0,0,0,0,0
0,0,0,0,0,0,2,90,19,0,0,0,0,0,0,0,0,0,0,0,0,2,90,19,0,0,0,0,0,0
0,0,0,0,0,0,2,90.07,19,0,0,0,0,0,0,0,0,0,0,0,0,2,90.07,19,0,0,0,0,0,0
0,0,0,0,0,0,2,90,19,3.54,45.9,0,0,0,0,0,0,0,0,0,0,2,90,19,3.54,45.9,0,0,0,0
0,0,0,0,0,0,2,90,19,11.68,129.45,0,0,0,0,0,0,0,0,0,0,2,90,19,11.68,129.45,0,0,0,0
0,0,0,0,0,0,2,90,19.12,16,135.19,0,0,0,0,0,0,0,0,0,0,2,90,19.12,16,135.19,0,0,0,0
0,0,0,0,0,0,2,90,19,16.35,135.14,0,0,0,0,0,0,0,0,0,0,2,90,19,16.35,135.14,0,0,0,0
0,0,0,0,0,0,2,90,19,15,139,0,0,0,0,0,0,0,0,0,0,2,90,19,15,139,0,0,0,0
0,0,0,0,0,0,2,90,19,16.85,132.05,0,0,0,0,0,0,0,0,0,0,2,90,19,16.85,132.05,0,0,0,0
0,0,0,0,0,0,2,90,19,16.53,133.72,0,0,0,0,0,0,0,0,0,0,2,90,19,16.53,133.72,0,0,0,0
0,0,0,0,0,0,2,90,19,15.17,138.92,0,0,0,0,0,0,0,0,0,0,2,90,19,15.17,138.92,0,0,0,0
0,0,0,0,0,0,2,90,18.88,17.24,137.02,0,0,0,0,0,0,0,0,0,0,2,90,18.88,17.24,137.02,0,0,0,0
0,0,0,0,0,0,2,90,19,18.55,139,0,0,0,0,0,0,0,0,0,0,2,90,19,18.55,139,0,0,0,0
0,0,0,0,0,0,2,90,19,15.59,138.62,0,0,0,0,0,0,0,0,0,0,2,90,19,15.59,138.62,0,0,0,0
0,0,0,0,0,0,2,90.15,19,15,138.73,0,0,0,0,0,0,0,0,0,0,2,90.15,19,15,138.73,0,0,0,0
0,0,0,0,0,0,2,90.14,19.12,15,134.35,0,0,0,0,0,0,0,0,0,0,2,90.14,19.12,15,134.35,0,0,0,0
0,0,0,0,0,0,2,90,19,15,137.94,0,0,0,0,0,0,0,0,0,0,2,90,19,15,137.94,0,0,0,0
0,0,0,0,0,0,2,90,19,15,132.85,0,0,0,0,0,0,0,0,0,0,2,90,19,15,132.85,0,0,0,0
0,0,0,0,0,0,2,90,19,15,130.25,0,0,0,0,0,0,0,0,0,0,2,90,19,15,130.25,0,0,0,0
0,0,0,0,0,0,2,90,19,15,15,0,0,0,0,0,0,0,0,0,0,2,90,19,15,15,0,0,0,0
0,0,0,0,0,0,2,90,19,15,15.97,0,0,0,0,0,0,0,0,0,0,2,90,19,15,15.97,0,0,0,0
0,0,0,0,0,0,2,90,19,15,16.43,0,0,0,0,0,0,0,0,0,0,2,90,19,15,16.43,0,0,0,0
0,0,0,0,0,0,2,90,19,7.71,12.57,0,0,0,0,0,0,0,0,0,0,2,90,19,7.71,12.57,0,0,0,0
0,0,0,0,0,0,2,90,18.88,0,0,0,0,0,0,0,0,0,0,0,0,2,90,18.88,0,0,0,0,0,0
0,0,0,0,0,0,2,90,18.88,0,0,0,0,0,0,0,0,0,0,0,0,2,90,18.88,0,0,0,0,0,0
0,0,0,0,0,0,2,90,19,0,0,0,0,0,0,0,0,0,0,0,0,2,90,19,0,0,0,0,0,0
0,0,0,0,0,0,2,90,19,0,0,0,0,0,0,0,0,0,0,0,0,2,90,19,0,0,0,0,0,0
0,0,0,0,0,0,2,90,19.88,0,0,0,0,0,0,0,0,0,0,0,0,2,90,19.88,0,0,0,0,0,0
0,0,0,0,0,0,2,90.14,19,0,0,0,0,0,0,0,0,0,0,0,0,2,90.14,19,0,0,0,0,0,0
0,0,0,0,0,0,2,90,19,0,0,0,0,0,0,0,0,0,0,0,0,2,90,19,0,0,0,0,0,0
0,0,0,0,0,0,2,90.12,19,0,0,0,0,0,0,0,0,0,0,0,0,2,90.12,19,0,0,0,0,0,0
0,0,0,0,0,0,2,90,19,0,0,0,0,0,0,0,0,0,0,0,0,2,90,19,0,0,0,0,0,0
0,0,0,0,0,0,2,90,19,0,0,0,0,0,0,0,0,0,0,0,0,2,90,19,0,0,0,0,0,0
0,0,0,0,0,0,2,90,19,0,0,0,0,0,0,0,0,0,0,0,0,2,90,19,0,0,0,0,0,0
0,0,0,0,0,0,2,90,19,0,0,0,0,0,0,0,0,0,0,0,0,2,90,19,0,0,0,0,0,0
0,0,0,0,0,0,2,90,19,0,0,0,0,0,0,0,0,0,0,0,0,2,90,19,0,0,0,0,0,0
0,0,0,0,0,0,2,90,19,0,0,0,0,0,0,0,0,0,0,0,0,2,90,19,0,0,0,0,0,0
0,0,0,0,0,0,2,90,19,0,0,0,0,0,0,0,0,0,0,0,0,2,90,19,0,0,0,0,0,0
0,0,0,0,0,0,2,90,18.76,0,0,0,0,0,0,0,0,0,0,0,0,2,90,18.76,0,0,0,0,0,0
0,0,0,0,0,0,2,90.19,19,0,0,0,0,0,0,0,0,0,0,0,0,2,90.19,19,0,0,0,0,0,0
0,0,0,0,0,0,2,90,19,0,0,0,0,0,0,0,0,0,0,0,0,2,90,19,0,0,0,0,0,0
0,0,0,0,0,0,2,90,19,0,0,0,0,0,0,0,0,0,0,0,0,2,90,19,0,0,0,0,0,0
0,0,0,0,0,0,2,90.12,19,0,0,0,0,0,0,0,0,0,0,0,0,2,90.12,19,0,0,0,0,0,0
0,0,0,0,0,0,2,90,19,0,0,0,0,0,0,0,0,0,0,0,0,2,90,19,0,0,0,0,0,0
0,0,0,0,0,0,2,90,19,0,0,0,0,0,0,0,0,0,0,0,0,2,90,19,0,0,0,0,0,0
0,0,0,0,0,0,2,90,19,0,0,0,0,0,0,0,0,0,0,0,0,2,90,19,0,0,0,0,0,0
0,0,0,0,0,0,2,90.15,19,0,0,0,0,0,0,0,0,0,0,0,0,2,90.15,19,0,0,0,0,0,0
0,0,0,0,0,0,2,90,18.88,0,0,0,0,0,0,0,0,0,0,0,0,2,90,18.88,0,0,0,0,0,0
0,0,0,0,0,0,2,90,18.88,0,0,0,0,0,0,0,0,0,0,0,0,2,90,18.88,0,0,0,0,0,0
0,0,0,0,0,0,2,90,19,0,0,0,0,0,0,0,0,0,0,0,0,2,90,19,0,0,0,0,0,0
0,0,0,0,0,0,2,90,19,0,0,0,0,0,0,0,0,0,0,0,0,2,90,19,0,0,0,0,0,0
0,0,0,0,0,0,2,90,19,0,0,0,0,0,0,0,0,0,0,0,0,2,90,19,0,0,0,0,0,0
0,0,0,0,0,0,2,90,19,0,0,0,0,0,0,0,0,0,0,0,0,2,90,19,0,0,0,0,0,0
0,0,0,0,0,0,2,90,19,0,0,0,0,0,0,0,0,0,0,0,0,2,90,19,0,0,0,0,0,0
0,0,0,0,0,0,2,90.02,19,0,0,0,0,0,0,0,0,0,0,0,0,2,90.02,19,0,0,0,0,0,0
0,0,0,0,0,0,2,90,19,0,0,0,0,0,0,0,0,0,0,0,0,2,90,19,0,0,0,0,0,0
0,0,0,0,0,0,2,90.14,19,0,0,0,0,0,0,0,0,0,0,0,0,2,90.14,19,0,0,0,0,0,0
0,0,0,0,0,0,2,90,18.88,0,0,0,0,0,0,0,0,0,0,0,0,2,90,18.88,0,0,0,0,0,0
0,0,0,0,0,0,2,90,19,0,0,0,0,0,0,0,0,0,0,0,0,2,90,19,0,0,0,0,0,0
0,0,0,0,0,0,2,90,18.88,0,0,0,0,0,0,0,0,0,0,0,0,2,90,18.88,0,0,0,0,0,0
0,0,0,0,0,0,2,90,19.13,0,0,0,0,0,0,0,0,0,0,0,0,2,90,19.13,0,0,0,0,0,0
0,0,0,0,0,0,2,90.14,19,0,0,0,0,0,0,0,0,0,0,0,0,2,90.14,19,0,0,0,0,0,0
0,0,0,0,0,0,2,90,19,0,0,0,0,0,0,0,0,0,0,0,0,2,90,19,0,0,0,0,0,0
0,0,0,0,0,0,5.19,90.14,19,0,0,0,0,0,0,0,0,0,0,0,0,5.19,90.14,19,0,0,0,0,0,0
0,0,0,37.36,0,0,129.37,90,19,0,0,0,0,0,0,0,0,0,37.36,0,0,129.37,90,19,0,0,0,0,0,0
0,0,0,43,0,0,108.12,90,19,0,0,0,0,0,0,0,0,0,43,0,0,108.12,90,19,0,0,0,0,0,0
0,0,0,43,0,0,108.52,90,19,0,0,0,0,0,0,0,0,0,43,0,0,108.52,90,19,0,0,0,0,0,0
0,0,0,42.61,0,0,98.51,90.22,18.88,0,0,0,0,0,0,0,0,0,42.61,0,0,98.51,90.22,18.88,0,0,0,0,0,0
0,0,0,42.2,0,0,97.11,90,18.88,0,0,0,0,0,0,0,0,0,42.2,0,0,97.11,90,18.88,0,0,0,0,0,0
0,0,0,41.6,0,0,97.33,90,19,0,0,0,0,0,0,0,0,0,41.6,0,0,97.33,90,19,0,0,0,0,0,0
0,0,0,41.02,0,0,97.57,90,19,0,0,0,0,0,0,0,0,0,41.02,0,0,97.57,90,19,0,0,0,0,0,0
0.22,0,0,41,0,0,100.42,90.12,19,0,0,0,0,0,0,0.22,0,0,41,0,0,100.42,90.12,19,0,0,0,0,0,0
42.87,0,0,41,0,0,105.7,90.05,19,0,0,0,0,0,0,42.87,0,0,41,0,0,105.7,90.05,19,0,0,0,0,0,0
43.07,0,0,41,0,0,107.67,90,19,0,0,0,0,0,0,43.07,0,0,41,0,0,107.67,90,19,0,0,0,0,0,0
43,0,0,41,0,0,103.46,90,19,0,0,0,0,0,0,43,0,0,41,0,0,103.46,90,19,0,0,0,0,0,0
43,0,0,41,0,0,103.74,90.1,19.12,0,0,0,0,0,0,43,0,0,41,0,0,103.74,90.1,19.12,0,0,0,0,0,0
43,0,0,41,0,0,101.96,90.02,19,0,0,0,0,0,0,43,0,0,41,0,0,101.96,90.02,19,0,0,0,0,0,0
43,0,0,41,0,0,116.51,90,18.88,0,0,0,0,0,0,43,0,0,41,0,0,116.51,90,18.88,0,0,0,0,0,0
43,0,0,41,0,0,98.9,90,18.75,0,0,0,0,0,0,43,0,0,41,0,0,98.9,90,18.75,0,0,0,0,0,0
43,0,0,41,0,0,100.12,90,19,0,0,0,0,0,0,43,0,0,41,0,0,100.12,90,19,0,0,0,0,0,0
43,0,0,41,0,0,98.84,90,19,0,0,0,0,0,0,43,0,0,41,0,0,98.84,90,19,0,0,0,0,0,0
43,0,0,41,0,0,99.44,90.2,19,0,0,0,0,0,0,43,0,0,41,0,0,99.44,90.2,19,0,0,0,0,0,0
43,0,0,41,0,0,99.58,90.02,19,0,0,0,0,0,0,43,0,0,41,0,0,99.58,90.02,19,0,0,0,0,0,0
43,0,0,31.51,0,0,100.61,90,19,0,0,0,0,0,0,43,0,0,31.51,0,0,100.61,90,19,0,0,0,0,0,0
43.1,0,0,0,0,0,98.64,90,19,0,0,0,0,0,0,43.1,0,0,0,0,0,98.64,90,19,0,0,0,0,0,0
43.09,0,0,0,0,0,97.71,90.14,19,0,0,0,0,0,0,43.09,0,0,0,0,0,97.71,90.14,19,0,0,0,0,0,0
43.05,0,0,34.17,0,0,103.65,90,19,0,0,0,0,0,0,43.05,0,0,34.17,0,0,103.65,90,19,0,0,0,0,0,0
43,0,0,41,0,0,99.42,90,19,0,0,0,0,0,0,43,0,0,41,0,0,99.42,90,19,0,0,0,0,0,0
43.1,0,0,41,0,0,100.79,90.22,19,0,0,0,0,0,0,43.1,0,0,41,0,0,100.79,90.22,19,0,0,0,0,0,0
43.34,0,0,41,0,0,102.33,90.07,18.75,0,0,0,0,0,0,43.34,0,0,41,0,0,102.33,90.07,18.75,0,0,0,0,0,0
44.41,0,0,41,0,0,103.88,90,19,0,0,0,0,0,0,44.41,0,0,41,0,0,103.88,90,19,0,0,0,0,0,0
44.83,0,0,41,0,0,103.99,90.17,19,0,0,0,0,0,0,44.83,0,0,41,0,0,103.99,90.17,19,0,0,0,0,0,0
43.6,0,0,41,0,0,102.4,90,19.76,0,0,0,0,0,0,43.6,0,0,41,0,0,102.4,90,19.76,0,0,0,0,0,0
43.29,0,0,41,0,0,100.83,90.02,19,0,0,0,0,0,0,43.29,0,0,41,0,0,100.83,90.02,19,0,0,0,0,0,0
43.23,0,0,41,0,0,99.59,90,19,0,0,0,0,0,0,43.23,0,0,41,0,0,99.59,90,19,0,0,0,0,0,0
43.1,0,0,41,0,0,99.66,90,19,0,0,0,0,0,0,43.1,0,0,41,0,0,99.66,90,19,0,0,0,0,0,0
43.02,0,0,41,0,0,98.98,90,19,0,0,0,0,0,0,43.02,0,0,41,0,0,98.98,90,19,0,0,0,0,0,0
43.12,0,0,41,0,0,100.95,90.29,19,0,0,0,0,0,0,43.12,0,0,41,0,0,100.95,90.29,19,0,0,0,0,0,0
43.29,0,0,40.78,0,0,102.32,90.05,18.88,0,0,0,0,0,0,43.29,0,0,40.78,0,0,102.32,90.05,18.88,0,0,0,0,0,0
43.17,0,0,39.95,0,0,98.07,90.17,19,0,0,0,0,0,0,43.17,0,0,39.95,0,0,98.07,90.17,19,0,0,0,0,0,0
43.1,0,0,40.25,0,0,102.21,90.14,19,0,0,0,0,0,0,43.1,0,0,40.25,0,0,102.21,90.14,19,0,0,0,0,0,0
44.09,0,0,39.32,0,0,100.35,90,19,0,0,0,0,0,0,44.09,0,0,39.32,0,0,100.35,90,19,0,0,0,0,0,0
43.76,0,0,38.67,0,0,101.31,90,19,0,0,0,0,0,0,43.76,0,0,38.67,0,0,101.31,90,19,0,0,0,0,0,0
43.94,0,0,38.25,0,0,100,90.05,19,0,0,0,0,0,0,43.94,0,0,38.25,0,0,100,90.05,19,0,0,0,0,0,0
43.71,0,0,38.08,0,0,96.97,90.08,19,0,0,0,0,0,0,43.71,0,0,38.08,0,0,96.97,90.08,19,0,0,0,0,0,0
43.8,0,0,38,0,0,97.83,90,19,0,0,0,0,0,0,43.8,0,0,38,0,0,97.83,90,19,0,0,0,0,0,0
43.57,0,0,38,0,0,98.41,90.14,19,0,0,0,0,0,0,43.57,0,0,38,0,0,98.41,90.14,19,0,0,0,0,0,0
43.69,0,0,38.36,0,0,102.56,90.26,19,0,0,0,0,0,0,43.69,0,0,38.36,0,0,102.56,90.26,19,0,0,0,0,0,0
43.81,0,0,38.32,0,0,100.06,90,18.88,0,0,0,0,0,0,43.81,0,0,38.32,0,0,100.06,90,18.88,0,0,0,0,0,0
44.06,0,0,38,0,0,107.87,90.05,18.75,0,0,0,0,0,0,44.06,0,0,38,0,0,107.87,90.05,18.75,0,0,0,0,0,0
44.65,0,0,38,0,0,101.13,90,19,0,0,0,0,0,0,44.65,0,0,38,0,0,101.13,90,19,0,0,0,0,0,0
44.76,0,0,38,0,0,103.27,90,19,0,0,0,0,0,0,44.76,0,0,38,0,0,103.27,90,19,0,0,0,0,0,0
44.83,0,0,38.04,0,0,105.88,90.1,19,0,0,0,0,0,0,44.83,0,0,38.04,0,0,105.88,90.1,19,0,0,0,0,0,0
43.65,0,0,38,0,0,101.41,90,19,0,0,0,0,0,0,43.65,0,0,38,0,0,101.41,90,19,0,0,0,0,0,0
43,0,0,38,0,0,101.94,90.24,19,0,0,0,0,0,0,43,0,0,38,0,0,101.94,90.24,19,0,0,0,0,0,0
43,0,0,38,0,0,102.37,90,19,0,0,0,0,0,0,43,0,0,38,0,0,102.37,90,19,0,0,0,0,0,0
43,0,0,38,0,0,101.57,90,19,0,0,0,0,0,0,43,0,0,38,0,0,101.57,90,19,0,0,0,0,0,0
43,0,0,38,0,0,100.8,90.02,19,0,0,0,0,0,0,43,0,0,38,0,0,100.8,90.02,19,0,0,0,0,0,0
43,0,0,38,0,0,101.63,90.05,21.82,0,0,0,0,0,0,43,0,0,38,0,0,101.63,90.05,21.82,0,0,0,0,0,0
43,0,0,38,0,0,101.52,90,19.75,0,0,0,0,0,0,43,0,0,38,0,0,101.52,90,19.75,0,0,0,0,0,0
43,0,0,38,0,0,101.2,90,20.38,0,0,97.18,0,0,0,43,0,0,38,0,0,101.2,90,20.38,0,0,97.18,0,0,0
43,0,0,38.21,0,0,103.23,90.02,20.12,0,0,113.22,0,0,0,43,0,0,38.21,0,0,103.23,90.02,20.12,0,0,113.22,0,0,0
43,0,0,38,0,0,105.1,90.12,20.38,0,0,113,0,0,0,43,0,0,38,0,0,105.1,90.12,20.38,0,0,113,0,0,0
43,0,0,38,0,0,104.49,90.02,19.88,0,0,112.73,0,0,0,43,0,0,38,0,0,104.49,90.02,19.88,0,0,112.73,0,0,0
43,0,0,38,0,0,102.27,90.12,20.62,0,0,112.38,0,0,0,43,0,0,38,0,0,102.27,90.12,20.62,0,0,112.38,0,0,0
42.86,0,0,38,0,0,104.68,90.12,20.62,0,0,111.33,0,0,0,42.86,0,0,38,0,0,104.68,90.12,20.62,0,0,111.33,0,0,0
43,0,0,38,0,0,103.55,90,21.56,0,0,112.62,0,0,0,43,0,0,38,0,0,103.55,90,21.56,0,0,112.62,0,0,0
42.95,0,0,38,0,0,102.07,90.14,20,0,0,112.87,0,0,0,42.95,0,0,38,0,0,102.07,90.14,20,0,0,112.87,0,0,0
43,0,0,38.73,0,0,105.81,90,20,0,0,112,0,0,0,43,0,0,38.73,0,0,105.81,90,20,0,0,112,0,0,0
43,0,0,38,0,0,100.07,90.14,20.47,0,0,112.12,0,0,0,43,0,0,38,0,0,100.07,90.14,20.47,0,0,112.12,0,0,0
43,0,0,38,0,0,99.65,90.02,20.75,0,0,109.81,0,0,0,43,0,0,38,0,0,99.65,90.02,20.75,0,0,109.81,0,0,0
43,0,0,38,0,0,100.2,90.07,19.94,0,0,112.62,0,0,0,43,0,0,38,0,0,100.2,90.07,19.94,0,0,112.62,0,0,0
43,0,0,38,0,0,99.71,90.15,18.88,0,0,113,0,0,0,43,0,0,38,0,0,99.71,90.15,18.88,0,0,113,0,0,0
43,0,0,38,0,0,99.66,90,19,0,0,110.88,0,0,0,43,0,0,38,0,0,99.66,90,19,0,0,110.88,0,0,0
43,0,0,38,0,0,100.05,90,19,0,0,112.38,0,0,0,43,0,0,38,0,0,100.05,90,19,0,0,112.38,0,0,0
43,0,0,38,0,0,100.17,90,19,0,0,98.59,0,0,0,43,0,0,38,0,0,100.17,90,19,0,0,98.59,0,0,0
43,0,0,38,0,0,101.14,90,19,0,0,106.25,0,0,0,43,0,0,38,0,0,101.14,90,19,0,0,106.25,0,0,0
43,0,0,38,0,0,101.63,90.36,18.76,0,0,89.88,0,0,0,43,0,0,38,0,0,101.63,90.36,18.76,0,0,89.88,0,0,0
43,0,0,38,0,0,103.68,90.13,19,0,0,107.53,0,0,0,43,0,0,38,0,0,103.68,90.13,19,0,0,107.53,0,0,0
43,0,0,38,0,0,106.09,90,19,0,0,110,0,0,0,43,0,0,38,0,0,106.09,90,19,0,0,110,0,0,0
43,0,0,38.34,0,0,105.34,90.15,19,0,0,37.29,0,0,0,43,0,0,38.34,0,0,105.34,90.15,19,0,0,37.29,0,0,0
43,0,0,38.11,0,0,109.55,90.24,19,0,0,0,0,0,0,43,0,0,38.11,0,0,109.55,90.24,19,0,0,0,0,0,0
43,0,0,38.04,0,0,110.97,90.1,18.88,0,0,0,0,0,0,43,0,0,38.04,0,0,110.97,90.1,18.88,0,0,0,0,0,0
43,0,0,38.04,0,0,106.77,90.26,18.88,0,0,0,0,0,0,43,0,0,38.04,0,0,106.77,90.26,18.88,0,0,0,0,0,0
43,0,0,38.04,0,0,99.58,90.39,18.87,0,0,0,0,0,0,43,0,0,38.04,0,0,99.58,90.39,18.87,0,0,0,0,0,0
43,0,0,38,0,0,104.67,90.17,19,0,0,0,0,0,0,43,0,0,38,0,0,104.67,90.17,19,0,0,0,0,0,0
43,0,0,38,0,0,101.06,90.02,19,0,0,0,0,0,0,43,0,0,38,0,0,101.06,90.02,19,0,0,0,0,0,0
43,0,0,38,0,0,99.63,90.07,19,0,0,0,0,0,0,43,0,0,38,0,0,99.63,90.07,19,0,0,0,0,0,0
43,0,0,38,0,0,100.88,90.24,19,0,0,0,0,0,0,43,0,0,38,0,0,100.88,90.24,19,0,0,0,0,0,0
43,0,0,38,0,0,101.4,90.05,19,0,0,0,0,0,0,43,0,0,38,0,0,101.4,90.05,19,0,0,0,0,0,0
43,0,0,38,0,0,99.66,90.09,19,0,0,0,0,0,0,43,0,0,38,0,0,99.66,90.09,19,0,0,0,0,0,0
43,0,0,38,0,0,99.48,90.19,19,0,0,0,0,0,0,43,0,0,38,0,0,99.48,90.19,19,0,0,0,0,0,0
43,0,0,38.04,0,0,102.54,90.19,19,0,0,0,0,0,0,43,0,0,38.04,0,0,102.54,90.19,19,0,0,0,0,0,0
43,0,0,38.21,0,0,101.04,90.6,19,0,0,0,0,0,0,43,0,0,38.21,0,0,101.04,90.6,19,0,0,0,0,0,0
43,0,0,38,0,0,99.14,90.14,19.75,0,0,0,0,0,0,43,0,0,38,0,0,99.14,90.14,19.75,0,0,0,0,0,0
43,0,0,38.89,0,0,104.37,90.21,19,0,0,0,0,0,0,43,0,0,38.89,0,0,104.37,90.21,19,0,0,0,0,0,0
43,0,0,40.17,0,0,104.12,90.19,18.88,0,0,0,0,0,0,43,0,0,40.17,0,0,104.12,90.19,18.88,0,0,0,0,0,0
43,0,0,38.58,0,0,104.21,90.07,18.87,0,0,0,0,0,0,43,0,0,38.58,0,0,104.21,90.07,18.87,0,0,0,0,0,0
43,0,0,39.1,0,0,104.27,90.32,18.88,0,0,0,0,0,0,43,0,0,39.1,0,0,104.27,90.32,18.88,0,0,0,0,0,0
43,0,0,38.43,0,0,101.95,90.21,19,0,0,0,0,0,0,43,0,0,38.43,0,0,101.95,90.21,19,0,0,0,0,0,0
43,0,0,38.62,0,0,108.24,90.1,18.88,0,0,0,0,0,0,43,0,0,38.62,0,0,108.24,90.1,18.88,0,0,0,0,0,0
43,0,0,38,0,0,102.76,90.17,19,0,0,0,0,0,0,43,0,0,38,0,0,102.76,90.17,19,0,0,0,0,0,0
43,0,0,39.39,0,0,105.83,90.2,18.75,0,0,0,0,0,0,43,0,0,39.39,0,0,105.83,90.2,18.75,0,0,0,0,0,0
43,0,0,39.14,0,0,102.25,90.4,19,0,0,0,0,0,0,43,0,0,39.14,0,0,102.25,90.4,19,0,0,0,0,0,0
43,0,0,40.36,0,0,120.51,90.38,19,0,0,0,0,0,0,43,0,0,40.36,0,0,120.51,90.38,19,0,0,0,0,0,0
43,0,0,38.7,0,0,124.96,90.38,19,0,0,0,0,0,0,43,0,0,38.7,0,0,124.96,90.38,19,0,0,0,0,0,0
43,0,0,38.48,0,0,118.83,90.36,18.88,0,0,0,0,0,0,43,0,0,38.48,0,0,118.83,90.36,18.88,0,0,0,0,0,0
43,0,0,38.67,0,0,126.05,90.38,19,0,0,0,0,0,0,43,0,0,38.67,0,0,126.05,90.38,19,0,0,0,0,0,0
43,0,0,38,0,0,120.52,90.22,19,0,0,0,0,0,0,43,0,0,38,0,0,120.52,90.22,19,0,0,0,0,0,0
43,0,0,39.8,0,0,118.03,90.08,19,0,0,0,0,0,0,43,0,0,39.8,0,0,118.03,90.08,19,0,0,0,0,0,0
43,0,0,39.68,0,0,120.71,90.22,19.1,0,0,0,0,0,0,43,0,0,39.68,0,0,120.71,90.22,19.1,0,0,0,0,0,0
43,0,0,39.19,0,0,114.28,90.07,24.62,0,0,0,0,0,0,43,0,0,39.19,0,0,114.28,90.07,24.62,0,0,0,0,0,0
43,0,0,39.2,0,0,102.94,90.1,19.91,0,0,0,0,0,0,43,0,0,39.2,0,0,102.94,90.1,19.91,0,0,0,0,0,0
43,0,0,40.35,0,0,111.83,90.07,19.9,0,0,0,0,0,0,43,0,0,40.35,0,0,111.83,90.07,19.9,0,0,0,0,0,0
43,0,0,40.32,0,0,122.21,90.39,19.76,0,0,0,0,0,0,43,0,0,40.32,0,0,122.21,90.39,19.76,0,0,0,0,0,0
43,0,0,38.96,0,0,111.22,94.37,20.81,0,0,0,0,0,0,43,0,0,38.96,0,0,111.22,94.37,20.81,0,0,0,0,0,0
43,0,0,38.18,0,0,108.71,93.45,20.43,0,0,0,0,0,0,43,0,0,38.18,0,0,108.71,93.45,20.43,0,0,0,0,0,0
43,0,0,39.39,0,0,115.17,91.95,20.71,0,0,0,0,0,0,43,0,0,39.39,0,0,115.17,91.95,20.71,0,0,0,0,0,0
43,0,0,38.7,0,0,108.39,92.46,20.43,0,0,0,0,0,0,43,0,0,38.7,0,0,108.39,92.46,20.43,0,0,0,0,0,0
43,0,0,38.62,0,0,108.1,91.49,21,0,0,0,0,0,0,43,0,0,38.62,0,0,108.1,91.49,21,0,0,0,0,0,0
43,0,0,38.64,0,0,109.29,91.05,21,0,0,0,0,0,0,43,0,0,38.64,0,0,109.29,91.05,21,0,0,0,0,0,0
43,0,0,38,0,0,107.15,90.9,20.91,0,0,0,0,0,0,43,0,0,38,0,0,107.15,90.9,20.91,0,0,0,0,0,0
43,0,0,38,0,0,105.73,90.87,20.5,0,0,0,0,0,0,43,0,0,38,0,0,105.73,90.87,20.5,0,0,0,0,0,0
43,0,0,38,0,0,105.99,91.17,20.55,0,0,0,0,0,0,43,0,0,38,0,0,105.99,91.17,20.55,0,0,0,0,0,0
43,0,0,38,0,0,107.08,90.93,19.77,0,0,0,0,0,0,43,0,0,38,0,0,107.08,90.93,19.77,0,0,0,0,0,0
43,0,0,38,0,0,109.68,90.89,19,0,0,0,0,0,0,43,0,0,38,0,0,109.68,90.89,19,0,0,0,0,0,0
43,0,0,38,0,0,108.21,90.74,18.9,0,0,0,0,0,0,43,0,0,38,0,0,108.21,90.74,18.9,0,0,0,0,0,0
43,0,0,38.11,0,0,109.53,90,19,0,0,0,0,0,0,43,0,0,38.11,0,0,109.53,90,19,0,0,0,0,0,0
43,0,0,38,0,0,110.13,90.32,18.8,0,0,0,0,0,0,43,0,0,38,0,0,110.13,90.32,18.8,0,0,0,0,0,0
43,0,0,38.18,0,0,110.35,90.02,18.9,0,0,0,0,0,0,43,0,0,38.18,0,0,110.35,90.02,18.9,0,0,0,0,0,0
43,0,0,38.26,0,0,107.91,90,19,0,0,0,0,0,0,43,0,0,38.26,0,0,107.91,90,19,0,0,0,0,0,0
43,0,0,38,0,0,121.31,90.07,19,0,0,0,0,0,0,43,0,0,38,0,0,121.31,90.07,19,0,0,0,0,0,0
43,0,0,38,0,0,116.44,90.05,18.9,0,0,0,0,0,0,43,0,0,38,0,0,116.44,90.05,18.9,0,0,0,0,0,0
43,0,0,38,0,0,113.86,90.36,19,0,0,0,0,0,0,43,0,0,38,0,0,113.86,90.36,19,0,0,0,0,0,0
43,0,0,38,0,0,106.45,90.12,19,0,0,0,0,0,0,43,0,0,38,0,0,106.45,90.12,19,0,0,0,0,0,0
43,0,0,38,0,0,108.16,90.08,19,0,0,0,0,0,0,43,0,0,38,0,0,108.16,90.08,19,0,0,0,0,0,0
43,0,0,38.21,0,0,114.15,90.21,19,0,0,0,0,0,0,43,0,0,38.21,0,0,114.15,90.21,19,0,0,0,0,0,0
43,0,0,38.3,0,0,108.55,90.2,19,0,0,0,0,0,0,43,0,0,38.3,0,0,108.55,90.2,19,0,0,0,0,0,0
43,0,0,38,0,0,109.27,90.27,19,0,0,0,0,0,0,43,0,0,38,0,0,109.27,90.27,19,0,0,0,0,0,0
43,0,0,38.38,0,0,107.75,90.05,19,0,0,0,0,0,0,43,0,0,38.38,0,0,107.75,90.05,19,0,0,0,0,0,0
43,0,0,38,0,0,114.73,90.33,18.9,0,0,0,0,0,0,43,0,0,38,0,0,114.73,90.33,18.9,0,0,0,0,0,0
43,0,0,38,0,0,108.72,90.17,19,0,0,0,0,0,0,43,0,0,38,0,0,108.72,90.17,19,0,0,0,0,0,0
43,0,0,38,0,0,105.87,90.28,18.82,0,0,0,0,0,0,43,0,0,38,0,0,105.87,90.28,18.82,0,0,0,0,0,0
43,0,0,38,0,0,109.7,90.22,19,0,0,0,0,0,0,43,0,0,38,0,0,109.7,90.22,19,0,0,0,0,0,0
43,0,0,38,0,0,116.71,90.17,18.9,0,0,0,0,0,0,43,0,0,38,0,0,116.71,90.17,18.9,0,0,0,0,0,0
43,0,0,38,0,0,119.96,90.2,19,0,0,0,0,0,0,43,0,0,38,0,0,119.96,90.2,19,0,0,0,0,0,0
43,0,0,38,0,0,118.76,90.54,19.52,0,0,0,0,0,0,43,0,0,38,0,0,118.76,90.54,19.52,0,0,0,0,0,0
43,0,0,38,0,0,119.35,90.24,19,0,0,0,0,0,0,43,0,0,38,0,0,119.35,90.24,19,0,0,0,0,0,0
43,0,0,38,0,0,120.37,90.41,19,0,0,0,0,0,0,43,0,0,38,0,0,120.37,90.41,19,0,0,0,0,0,0
43,0,0,11.55,0,0,118.72,90.24,19,0,0,0,0,0,0,43,0,0,11.55,0,0,118.72,90.24,19,0,0,0,0,0,0
43,0,0,18.26,0,0,116.04,90.43,19,0,0,0,0,0,0,43,0,0,18.26,0,0,116.04,90.43,19,0,0,0,0,0,0
43,0,0,39.05,0,0,109.84,90.12,19,0,0,0,0,0,0,43,0,0,39.05,0,0,109.84,90.12,19,0,0,0,0,0,0
43,0,0,38,0,0,110.23,90.34,20.15,0,0,0,0,0,0,43,0,0,38,0,0,110.23,90.34,20.15,0,0,0,0,0,0
43,0,0,38,0,0,108.33,90.24,19,0,0,0,0,0,0,43,0,0,38,0,0,108.33,90.24,19,0,0,0,0,0,0
43,0,0,38,0,0,110.96,90.24,19,0,0,0,0,0,0,43,0,0,38,0,0,110.96,90.24,19,0,0,0,0,0,0
43,0,0,38,0,0,107.39,90.19,19,0,0,0,0,0,0,43,0,0,38,0,0,107.39,90.19,19,0,0,0,0,0,0
43,0,0,38,0,0,108.06,90.36,19,0,0,0,0,0,0,43,0,0,38,0,0,108.06,90.36,19,0,0,0,0,0,0
43,0,0,38,0,0,107.8,90.2,18.9,0,0,0,0,0,0,43,0,0,38,0,0,107.8,90.2,18.9,0,0,0,0,0,0
43,0,0,38,0,0,104.61,90.05,19,0,0,0,0,0,0,43,0,0,38,0,0,104.61,90.05,19,0,0,0,0,0,0
43,0,0,38,0,0,106.02,90.14,19,0,0,0,0,0,0,43,0,0,38,0,0,106.02,90.14,19,0,0,0,0,0,0
43,0,0,38,0,0,103.41,90.12,19,0,0,0,0,0,0,43,0,0,38,0,0,103.41,90.12,19,0,0,0,0,0,0
43,0,0,38.15,0,0,107.36,90.37,19,0,0,0,0,0,0,43,0,0,38.15,0,0,107.36,90.37,19,0,0,0,0,0,0
43,0,0,41,0,0,107.11,90.1,19,0,0,0,0,0,0,43,0,0,41,0,0,107.11,90.1,19,0,0,0,0,0,0
43,0,0,38.87,0,0,115.56,90.29,18.81,0,0,0,0,0,0,43,0,0,38.87,0,0,115.56,90.29,18.81,0,0,0,0,0,0
43,0,0,38,0,0,113.14,90.57,19,0,0,0,0,0,0,43,0,0,38,0,0,113.14,90.57,19,0,0,0,0,0,0
43,0,0,38,0,0,112.47,90.58,19,0,0,0,0,0,0,43,0,0,38,0,0,112.47,90.58,19,0,0,0,0,0,0
43,0,0,38,0,0,105.2,90.75,19,0,0,0,0,0,0,43,0,0,38,0,0,105.2,90.75,19,0,0,0,0,0,0
43,0,0,38,0,0,101.41,90.8,19,0,0,0,0,0,0,43,0,0,38,0,0,101.41,90.8,19,0,0,0,0,0,0
43,0,0,38,0,0,104.35,90.55,19,0,0,0,0,0,0,43,0,0,38,0,0,104.35,90.55,19,0,0,0,0,0,0
43,0,0,38,0,0,103.94,90.67,19,0,0,0,0,0,0,43,0,0,38,0,0,103.94,90.67,19,0,0,0,0,0,0
43,0,0,38,0,0,105.43,90.63,19,0,0,0,0,0,0,43,0,0,38,0,0,105.43,90.63,19,0,0,0,0,0,0
43,0,0,38,0,0,105.53,90.52,19,0,0,0,0,0,0,43,0,0,38,0,0,105.53,90.52,19,0,0,0,0,0,0
43,0,0,38,0,0,102.38,90.7,19,0,0,0,0,0,0,43,0,0,38,0,0,102.38,90.7,19,0,0,0,0,0,0
43,0,0,38,0,0,102.28,90.56,18.9,0,0,0,0,0,0,43,0,0,38,0,0,102.28,90.56,18.9,0,0,0,0,0,0
43,0,0,38,0,0,101.57,90.9,18.9,0,0,0,0,0,0,43,0,0,38,0,0,101.57,90.9,18.9,0,0,0,0,0,0
43,0,0,38,0,0,104.24,90.69,19,0,0,0,0,0,0,43,0,0,38,0,0,104.24,90.69,19,0,0,0,0,0,0
43,0,0,38,0,0,106.55,90.58,18.9,0,0,0,0,0,0,43,0,0,38,0,0,106.55,90.58,18.9,0,0,0,0,0,0
43,0,0,39.79,0,0,110.8,90.55,18.9,0,0,0,0,0,0,43,0,0,39.79,0,0,110.8,90.55,18.9,0,0,0,0,0,0
43,0,0,40.82,0,0,100.93,90.52,19.86,0,0,0,0,0,0,43,0,0,40.82,0,0,100.93,90.52,19.86,0,0,0,0,0,0
43,0,0,40.63,0,0,100.54,90.68,19,0,0,0,0,0,0,43,0,0,40.63,0,0,100.54,90.68,19,0,0,0,0,0,0
43,0,0,38.87,0,0,101.93,90.51,18.9,0,0,0,0,0,0,43,0,0,38.87,0,0,101.93,90.51,18.9,0,0,0,0,0,0
43,0,0,38.43,0,0,100.77,90.88,19,0,0,0,0,0,0,43,0,0,38.43,0,0,100.77,90.88,19,0,0,0,0,0,0
43,0,0,38.71,0,0,101.99,90.71,19,0,0,0,0,0,0,43,0,0,38.71,0,0,101.99,90.71,19,0,0,0,0,0,0
43,0,0,39.05,0,0,107.13,90.62,19,0,0,0,0,0,0,43,0,0,39.05,0,0,107.13,90.62,19,0,0,0,0,0,0
43,0,0,38.25,0,0,102.76,90.53,19,0,0,0,0,0,0,43,0,0,38.25,0,0,102.76,90.53,19,0,0,0,0,0,0
43,0,0,38.76,0,0,107.04,91.18,19.1,0,0,0,0,0,0,43,0,0,38.76,0,0,107.04,91.18,19.1,0,0,0,0,0,0
43,0,0,38.9,0,0,107.02,90.64,19,0,0,0,0,0,0,43,0,0,38.9,0,0,107.02,90.64,19,0,0,0,0,0,0
43,0,0,38.98,0,0,108.57,90.68,19,0,0,0,0,0,0,43,0,0,38.98,0,0,108.57,90.68,19,0,0,0,0,0,0
43,34.1,0,38.9,0,0,102.37,90.84,18.81,0,0,0,0,0,0,43,34.1,0,38.9,0,0,102.37,90.84,18.81,0,0,0,0,0,0
43,45,0,38.14,0,0,102.37,90.88,19,0,0,0,0,0,0,43,45,0,38.14,0,0,102.37,90.88,19,0,0,0,0,0,0
43,45,0,38,0,0,100.86,90.69,19,0,0,0,0,0,0,43,45,0,38,0,0,100.86,90.69,19,0,0,0,0,0,0
43,45,0,38.72,0,0,110.11,91.01,19,0,0,0,0,0,0,43,45,0,38.72,0,0,110.11,91.01,19,0,0,0,0,0,0
43,45,0,38.84,0,0,111.31,91,19,0,0,0,0,0,0,43,45,0,38.84,0,0,111.31,91,19,0,0,0,0,0,0
43,45,0,38.25,0,0,110.46,90.93,19,0,0,0,0,0,0,43,45,0,38.25,0,0,110.46,90.93,19,0,0,0,0,0,0
43,45,0,39.23,0,0,106.31,90.93,18.9,0,0,0,0,0,0,43,45,0,39.23,0,0,106.31,90.93,18.9,0,0,0,0,0,0
43,45,0,38,0,0,107.08,90.9,19,0,0,0,0,0,0,43,45,0,38,0,0,107.08,90.9,19,0,0,0,0,0,0
45.36,45,0,38,0,0,103.67,90.93,18.9,0,0,0,0,0,0,45.36,45,0,38,0,0,103.67,90.93,18.9,0,0,0,0,0,0
46.65,45,0,38.35,0,0,107.84,90.87,19,0,0,0,0,0,0,46.65,45,0,38.35,0,0,107.84,90.87,19,0,0,0,0,0,0
43.39,45,0,38.04,0,0,105.51,91.06,19,0,0,0,0,0,0,43.39,45,0,38.04,0,0,105.51,91.06,19,0,0,0,0,0,0
43,45,0,38,0,0,111.07,90.69,19,0,0,0,0,0,0,43,45,0,38,0,0,111.07,90.69,19,0,0,0,0,0,0
43,45,0,38.11,0,0,109.51,91.01,19,0,0,0,0,0,0,43,45,0,38.11,0,0,109.51,91.01,19,0,0,0,0,0,0
43,45,0,38,0,0,109.51,90.87,19,0,0,0,0,0,0,43,45,0,38,0,0,109.51,90.87,19,0,0,0,0,0,0
43,45,0,40.2,0,0,117.13,91.21,19,0,0,0,0,0,0,43,45,0,40.2,0,0,117.13,91.21,19,0,0,0,0,0,0
43,45,0,38.94,0,0,117.04,90.96,19,0,0,0,0,0,0,43,45,0,38.94,0,0,117.04,90.96,19,0,0,0,0,0,0
43,45,0,39.64,0,0,121.31,90.88,18.8,0,0,0,0,0,0,43,45,0,39.64,0,0,121.31,90.88,18.8,0,0,0,0,0,0
43,45,0,40.32,0,0,118.2,91.02,19,0,0,0,0,0,0,43,45,0,40.32,0,0,118.2,91.02,19,0,0,0,0,0,0
43,45,0,40.2,0,0,118.54,90.9,19,0,0,0,0,0,0,43,45,0,40.2,0,0,118.54,90.9,19,0,0,0,0,0,0
43,45,0,39.71,0,0,116.16,90.89,18.81,0,0,0,0,0,0,43,45,0,39.71,0,0,116.16,90.89,18.81,0,0,0,0,0,0
43,45,0,38.57,0,0,109.64,90.98,19,0,0,0,0,0,0,43,45,0,38.57,0,0,109.64,90.98,19,0,0,0,0,0,0
41.71,45,0,38,0,0,101.98,90.93,18.89,0,0,0,0,0,0,41.71,45,0,38,0,0,101.98,90.93,18.89,0,0,0,0,0,0
41.07,45,0,38,4.2,0,102.85,91,19,0,0,0,0,0,0,41.07,45,0,38,4.2,0,102.85,91,19,0,0,0,0,0,0
42.5,45,0,38,37.29,0,102.61,91.07,19,0,0,0,0,0,0,42.5,45,0,38,37.29,0,102.61,91.07,19,0,0,0,0,0,0
43,45,0,38,36.33,0,102.39,90.9,19,0,0,0,0,0,0,43,45,0,38,36.33,0,102.39,90.9,19,0,0,0,0,0,0
43,45,0,25.44,36,0,102.25,91.12,19,0,0,0,0,0,0,43,45,0,25.44,36,0,102.25,91.12,19,0,0,0,0,0,0
43,45,0,5.71,24.71,0,102.7,91.11,20.2,0,0,0,0,0,0,43,45,0,5.71,24.71,0,102.7,91.11,20.2,0,0,0,0,0,0
43,45,0,40.46,0,0,103.4,90.81,19,4.65,68.67,0,0,0,0,43,45,0,40.46,0,0,103.4,90.81,19,4.65,68.67,0,0,0,0
43,45,0,40.39,0,0,110.42,90.94,19,9.97,133.05,0,0,0,0,43,45,0,40.39,0,0,110.42,90.94,19,9.97,133.05,0,0,0,0
43.1,45,0,38.94,0,0,107.11,90.92,19,12.8,133.96,0,0,0,0,43.1,45,0,38.94,0,0,107.11,90.92,19,12.8,133.96,0,0,0,0
43.92,45,0,38,0,0,105.72,90.72,18.8,15,137.93,0,0,0,0,43.92,45,0,38,0,0,105.72,90.72,18.8,15,137.93,0,0,0,0
43.8,45,0,38,27.82,0,105.44,90.67,19,16.09,139,0,0,2.18,0,43.8,45,0,38,27.82,0,105.44,90.67,19,16.09,139,0,0,2.18,0
43,45,0,38.48,36,0,107.36,90.83,19.3,15.23,136.86,0,0,4,0,43,45,0,38.48,36,0,107.36,90.83,19.3,15.23,136.86,0,0,4,0
43,45,19.87,39.05,36,0,107.14,91.29,23.76,15,137.08,0,0,4,0,43,45,19.87,39.05,36,0,107.14,91.29,23.76,15,137.08,0,0,4,0
43,45,183.6,38,36,0,103.62,91,26.1,15,136.19,0,0,4,0,43,45,183.6,38,36,0,103.62,91,26.1,15,136.19,0,0,4,0
43,45,183,38.5,36,0,106.56,91.07,26,15.15,130.96,0,0,4,0,43,45,183,38.5,36,0,106.56,91.07,26,15.15,130.96,0,0,4,0
43,45,183,38,36,0,108.39,90.84,26,16.47,32.92,0,0,4,0,43,45,183,38,36,0,108.39,90.84,26,16.47,32.92,0,0,4,0
43,45,183,38,36,0,106.68,90.9,26.1,25.96,16.68,0,0,4,0,43,45,183,38,36,0,106.68,90.9,26.1,25.96,16.68,0,0,4,0
43,44.82,182.91,40.52,36,0,106.11,91.05,26.09,21.56,17,0,0,3.86,0,43,44.82,182.91,40.52,36,0,106.11,91.05,26.09,21.56,17,0,0,3.86,0
43,45,183,40.53,36,0,101.9,90.99,26,17.4,16.58,0,0,3.78,0,43,45,183,40.53,36,0,101.9,90.99,26,17.4,16.58,0,0,3.78,0
43,45,183,40.29,35.4,0,102.1,90.69,26,14.22,0,0,0,3.42,0,43,45,183,40.29,35.4,0,102.1,90.69,26,14.22,0,0,0,3.42,0
43,45,182.91,39.89,34.62,0,107.75,90.72,20.14,13,0,0,0,3.58,0,43,45,182.91,39.89,34.62,0,107.75,90.72,20.14,13,0,0,0,3.58,0
43,45,183,40.25,34.08,0,109.7,90.65,19,13.36,0,0,0,3.49,0,43,45,183,40.25,34.08,0,109.7,90.65,19,13.36,0,0,0,3.49,0
43,45,183,39.59,34,0,109.46,90.6,19,15,0,0,0,3.13,0,43,45,183,39.59,34,0,109.46,90.6,19,15,0,0,0,3.13,0
43,45,183,38,34,0,108.75,90.74,20.45,15,0,0,0,3.03,0,43,45,183,38,34,0,108.75,90.74,20.45,15,0,0,0,3.03,0
43,45,183,38,34,0,110.52,90.88,20.2,15,0,0,0,2.9,0,43,45,183,38,34,0,110.52,90.88,20.2,15,0,0,0,2.9,0
43,45,181.95,38,34,0,109.47,90.63,20.43,15,0,0,0,2.75,0,43,45,181.95,38,34,0,109.47,90.63,20.43,15,0,0,0,2.75,0
43,45,181,38,34,0,109.2,90.84,20.71,8.2,0,0,0,2.62,0,43,45,181,38,34,0,109.2,90.84,20.71,8.2,0,0,0,2.62,0
43,45,181,38,34,0,104.92,90.79,20.81,0,0,0,0,2.6,0,43,45,181,38,34,0,104.92,90.79,20.81,0,0,0,0,2.6,0
43,45,181,38,34,0,106.81,90.36,20.14,0,0,0,0,2.53,0,43,45,181,38,34,0,106.81,90.36,20.14,0,0,0,0,2.53,0
43,45,181,38,34,0,105.52,90.98,20,0,0,0,0,2.47,0,43,45,181,38,34,0,105.52,90.98,20,0,0,0,0,2.47,0
43,45,181,38,34,0,106.5,90.8,19.7,0,0,0,0,2.51,0,43,45,181,38,34,0,106.5,90.8,19.7,0,0,0,0,2.51,0
43,45,181,38,34,0,112.48,91.14,18.79,0,0,0,0,2.44,0,43,45,181,38,34,0,112.48,91.14,18.79,0,0,0,0,2.44,0
43,45,181,38,34,0,102.2,91.17,19,0,0,0,0,2.49,0,43,45,181,38,34,0,102.2,91.17,19,0,0,0,0,2.49,0
43,45,181,38,34,0,102.08,90.96,18.9,0,0,0,0,2.46,0,43,45,181,38,34,0,102.08,90.96,18.9,0,0,0,0,2.46,0
43,45,181.5,38,34,0,101.47,90.98,18.9,0,0,0,0,2.42,0,43,45,181.5,38,34,0,101.47,90.98,18.9,0,0,0,0,2.42,0
43,45,181.1,38,34,0,101.2,91.2,19.58,0,0,0,0,2.38,0,43,45,181.1,38,34,0,101.2,91.2,19.58,0,0,0,0,2.38,0
43,45,181,39.79,34,0,101.82,90.96,19.35,0,0,0,0,2.28,0,43,45,181,39.79,34,0,101.82,90.96,19.35,0,0,0,0,2.28,0
43,45,181,41,34,0,101.35,91.02,19,4.94,0,0,0,2.39,0,43,45,181,41,34,0,101.35,91.02,19,4.94,0,0,0,2.39,0
43,45,181,41,34,0,103.24,91.22,18.9,10.45,0,0,0,2.45,0,43,45,181,41,34,0,103.24,91.22,18.9,10.45,0,0,0,2.45,0
43,45,181.7,41,34,0,103.33,91.27,18.9,12.74,0,32.52,0,2.41,0,43,45,181.7,41,34,0,103.33,91.27,18.9,12.74,0,32.52,0,2.41,0
43,45,182.24,41,34,0,103.39,91.02,19,14.95,0,105.43,0,2.33,0,43,45,182.24,41,34,0,103.39,91.02,19,14.95,0,105.43,0,2.33,0
43,45,182.1,41,34,0,104.22,90.91,19,0.3,0,108.85,0,2.46,0,43,45,182.1,41,34,0,104.22,90.91,19,0.3,0,108.85,0,2.46,0
43,45,181.18,41,34,0,100.38,91.14,19,0,0,110.38,0,2.38,0,43,45,181.18,41,34,0,100.38,91.14,19,0,0,110.38,0,2.38,0
43,45,181,30.22,34,0,101.27,91.17,19,0,0,108.89,0,2.38,0,43,45,181,30.22,34,0,101.27,91.17,19,0,0,108.89,0,2.38,0
43,45,181,0,34,0,102.06,90.99,19,0,0,108.7,0,2.43,0,43,45,181,0,34,0,102.06,90.99,19,0,0,108.7,0,2.43,0
43,45,181,0,34,0,100.5,91.05,19,0,0,109.33,0,2.23,0,43,45,181,0,34,0,100.5,91.05,19,0,0,109.33,0,2.23,0
43,45,181,0,34,0,100.33,91.22,18.81,0,0,107.55,0,2.35,0,43,45,181,0,34,0,100.33,91.22,18.81,0,0,107.55,0,2.35,0
43,45,181.19,0,34,0,101.01,90.93,18.9,0,0,109.25,0,2.34,0,43,45,181.19,0,34,0,101.01,90.93,18.9,0,0,109.25,0,2.34,0
43,45,181,0,34,0,100.41,91.03,19,0,0,105.41,0,2.26,0,43,45,181,0,34,0,100.41,91.03,19,0,0,105.41,0,2.26,0
43,45,181,0,34,0,100.07,91.08,19,0,0,107.95,0,2.46,0,43,45,181,0,34,0,100.07,91.08,19,0,0,107.95,0,2.46,0
43,45,181,0,34,0,99.37,91.12,19,0,0,110.3,0,2.28,0,43,45,181,0,34,0,99.37,91.12,19,0,0,110.3,0,2.28,0
43,45,181,0,34,0,101.73,91.05,19,0,0,109.8,0,2.31,0,43,45,181,0,34,0,101.73,91.05,19,0,0,109.8,0,2.31,0
43,45,181.7,0,34,0,100,91.07,19,0,0,108.43,0,2.3,0,43,45,181.7,0,34,0,100,91.07,19,0,0,108.43,0,2.3,0
43,45,181,0,34,0,100.83,91.19,18.9,0,0,111.4,0,2.26,0,43,45,181,0,34,0,100.83,91.19,18.9,0,0,111.4,0,2.26,0
43,45,181,0,34,0,99.64,91.25,19,0,0,110.3,0,2.29,0,43,45,181,0,34,0,99.64,91.25,19,0,0,110.3,0,2.29,0
43,45,181,0,34,0,100.14,91.12,19,0,0,109.96,0,2.26,0,43,45,181,0,34,0,100.14,91.12,19,0,0,109.96,0,2.26,0
43,45,181,0,34,0,100.1,91.19,19,0,0,107.76,0,2.34,0,43,45,181,0,34,0,100.1,91.19,19,0,0,107.76,0,2.34,0
43,45,181.11,0,34,0,100.31,91.14,19,0,0,109.45,0,2.35,0,43,45,181.11,0,34,0,100.31,91.14,19,0,0,109.45,0,2.35,0
43,45,181.1,0,34,0,100.67,91.23,19,0,0,111.15,0,2.35,0,43,45,181.1,0,34,0,100.67,91.23,19,0,0,111.15,0,2.35,0
43,45,181,0,34,0,100.88,91.4,19,0,0,109.19,0,2.39,0,43,45,181,0,34,0,100.88,91.4,19,0,0,109.19,0,2.39,0
43,45,181,0,34,0,101.11,91.3,18.81,0,0,111,0,2.33,0,43,45,181,0,34,0,101.11,91.3,18.81,0,0,111,0,2.33,0
43,45,181.1,0,34,0,100.64,91.18,19,0,0,110.9,0,2.31,0,43,45,181.1,0,34,0,100.64,91.18,19,0,0,110.9,0,2.31,0
43,45,182.04,0,34,0,100.19,91.21,18.92,0,0,111.67,0,2.36,0,43,45,182.04,0,34,0,100.19,91.21,18.92,0,0,111.67,0,2.36,0
43,45,182.1,0,34,0,99.59,91.13,18.9,0,0,111.57,0,2.28,0,43,45,182.1,0,34,0,99.59,91.13,18.9,0,0,111.57,0,2.28,0
43,45,181.64,0,34,0,99.95,91.01,19,0,0,111.29,0,2.28,0,43,45,181.64,0,34,0,99.95,91.01,19,0,0,111.29,0,2.28,0
43,45,181.6,0,34,0,99.35,90.98,18.9,0,0,111.18,0,2.21,0,43,45,181.6,0,34,0,99.35,90.98,18.9,0,0,111.18,0,2.21,0
43,45,182.52,0,34,0,100.46,91.33,19,0,0,111.64,0,3.05,0,43,45,182.52,0,34,0,100.46,91.33,19,0,0,111.64,0,3.05,0
43,45,182.91,0,34,0,100.6,90.98,19,0,0,112.37,0,3.17,0,43,45,182.91,0,34,0,100.6,90.98,19,0,0,112.37,0,3.17,0
43,45,183,0,34,0,100.88,90.67,19.9,7.03,0,110.38,0,3.22,0,43,45,183,0,34,0,100.88,90.67,19.9,7.03,0,110.38,0,3.22,0
43,45,183,0,34,0,99.35,90.29,19,19,0,110.45,0,3.33,0,43,45,183,0,34,0,99.35,90.29,19,19,0,110.45,0,3.33,0
43,45,183,0,34,0,100.12,90.29,19,16.41,0,109.52,0,3.44,0,43,45,183,0,34,0,100.12,90.29,19,16.41,0,109.52,0,3.44,0
43,45,183,0,34,0,99.59,90.46,19,16.08,0,110.76,0,3.46,0,43,45,183,0,34,0,99.59,90.46,19,16.08,0,110.76,0,3.46,0
43,45,183,0,34,0,99.81,90.7,19,19.34,0,112.19,0,3.58,0,43,45,183,0,34,0,99.81,90.7,19,19.34,0,112.19,0,3.58,0
43,45,183,0,34,0,99.49,90.68,18.71,20.36,0,113,0,3.36,0,43,45,183,0,34,0,99.49,90.68,18.71,20.36,0,113,0,3.36,0
43,45,183,0,34,0,100.16,90.67,19,13.74,0,112.7,0,3.33,0,43,45,183,0,34,0,100.16,90.67,19,13.74,0,112.7,0,3.33,0
43,45,183,0,33.54,0,99.68,90.59,19,14.28,0,112.45,0,2.97,0,43,45,183,0,33.54,0,99.68,90.59,19,14.28,0,112.45,0,2.97,0
43,45,183,0,33.28,0,100.43,90.43,18.9,14.84,0,111.48,0,3.32,0,43,45,183,0,33.28,0,100.43,90.43,18.9,14.84,0,111.48,0,3.32,0
43,45,182.9,0,34,0,99.83,90.44,19,15,0,110.8,0,3.86,0,43,45,182.9,0,34,0,99.83,90.44,19,15,0,110.8,0,3.86,0
43,45,181.8,0,34,0,100.25,90.76,19,15,0,111.29,0,4,0,43,45,181.8,0,34,0,100.25,90.76,19,15,0,111.29,0,4,0
43,45,181.4,0,34,0,99.69,90.63,19,15,87.64,110.15,0,4,0,43,45,181.4,0,34,0,99.69,90.63,19,15,87.64,110.15,0,4,0
43,45,181.19,0,34,0,100.26,90.29,19,15,136.24,111.14,0,3.92,0,43,45,181.19,0,34,0,100.26,90.29,19,15,136.24,111.14,0,3.92,0
43,45,182.8,0,34,0,100.08,90.59,19.1,15,137.49,112.05,0,3.33,0,43,45,182.8,0,34,0,100.08,90.59,19.1,15,137.49,112.05,0,3.33,0
43,45,183,0,34,0,99.42,90.33,19,15,138.81,112.48,0,3.31,0,43,45,183,0,34,0,99.42,90.33,19,15,138.81,112.48,0,3.31,0
43,45,183,0,34,0,100.22,90.47,19,14.31,139,110.64,0,3.21,0,43,45,183,0,34,0,100.22,90.47,19,14.31,139,110.64,0,3.21,0
43,45,183,0,33.37,0,100.24,90.14,19,5.96,138.73,108.79,0,3.19,0,43,45,183,0,33.37,0,100.24,90.14,19,5.96,138.73,108.79,0,3.19,0
43,45,183,0,33.58,0,99.98,90.14,19,12.61,138.88,110,0,3.28,0,43,45,183,0,33.58,0,99.98,90.14,19,12.61,138.88,110,0,3.28,0
43,45,183,0,34,0,99.83,90,19,14.14,138.49,110.86,0,2.79,0,43,45,183,0,34,0,99.83,90,19,14.14,138.49,110.86,0,2.79,0
43,45,183,0,34,0,100.41,90.33,18.9,15,135.57,109.43,0,2.38,0,43,45,183,0,34,0,100.41,90.33,18.9,15,135.57,109.43,0,2.38,0
43,45,181.73,2.9,34,0,100.44,90.36,19,15,135.62,111.1,0,3.29,0,43,45,181.73,2.9,34,0,100.44,90.36,19,15,135.62,111.1,0,3.29,0
43,45,181.55,42.66,34,0,100.99,90,18.9,15,131.44,111.61,0,3.87,0,43,45,181.55,42.66,34,0,100.99,90,18.9,15,131.44,111.61,0,3.87,0
43,45,181.11,43,34,0,100.2,90.17,19,15,139,109.2,0,3.74,0,43,45,181.11,43,34,0,100.2,90.17,19,15,139,109.2,0,3.74,0
43,45,181,42.2,34,0,100.71,90.14,19,14.86,138.13,111.74,0,4,0,43,45,181,42.2,34,0,100.71,90.14,19,14.86,138.13,111.74,0,4,0
43,45,181,41.26,34,0,100.22,90,19,14.15,137.76,111.6,0,4,0,43,45,181,41.26,34,0,100.22,90,19,14.15,137.76,111.6,0,4,0
43,45,181,40.6,34,0,101.44,90.52,19,13.87,135.1,111.1,0,4,0,43,45,181,40.6,34,0,101.44,90.52,19,13.87,135.1,111.1,0,4,0
43,45,181.1,5.34,34,0,100.12,90,19,13.95,132.03,111.5,0,4,0,43,45,181.1,5.34,34,0,100.12,90,19,13.95,132.03,111.5,0,4,0
43,45,182.7,0,34,0,99.86,90,19,6.52,131.62,112.45,0,3.87,0,43,45,182.7,0,34,0,99.86,90,19,6.52,131.62,112.45,0,3.87,0
43,45,183,33,33.43,0,105.81,90,19,0,133.79,111.38,0,4,0,43,45,183,33,33.43,0,105.81,90,19,0,133.79,111.38,0,4,0
43,45,182.73,41.41,32.76,0,110.79,90.33,19,0,135.42,112.36,0,4,0,43,45,182.73,41.41,32.76,0,110.79,90.33,19,0,135.42,112.36,0,4,0
43,45,181,41.21,33.71,0,104.07,90.34,19,8.38,44.43,112.05,0,3.85,0,43,45,181,41.21,33.71,0,104.07,90.34,19,8.38,44.43,112.05,0,3.85,0
43,45,181,41,34,0,105.5,90.17,20.05,11.48,15.75,111.2,0,4,0,43,45,181,41,34,0,105.5,90.17,20.05,11.48,15.75,111.2,0,4,0
43,45,182.24,41,34,0,100.72,90.08,19,13,16.62,111.1,0,3.86,0,43,45,182.24,41,34,0,100.72,90.08,19,13,16.62,111.1,0,3.86,0
43,45,183,41,34,0,107.17,90.29,18.91,14.4,16.83,111.87,0,3.79,0,43,45,183,41,34,0,107.17,90.29,18.91,14.4,16.83,111.87,0,3.79,0
43,45,183,41,34,0,107.2,90.93,19,15,0.9,111.11,0,3.71,0,43,45,183,41,34,0,107.2,90.93,19,15,0.9,111.11,0,3.71,0
42.73,45,183,41,34,0,106.57,91.32,18.8,15.26,0,111,0,3.9,0,42.73,45,183,41,34,0,106.57,91.32,18.8,15.26,0,111,0,3.9,0
42.91,45,183,41,34,0,112.22,91.01,19,15,0,112.24,0,3.82,0,42.91,45,183,41,34,0,112.22,91.01,19,15,0,112.24,0,3.82,0
43,45,183,41,34,0,101.73,90.92,18.9,15,0,111,0,3.83,0,43,45,183,41,34,0,101.73,90.92,18.9,15,0,111,0,3.83,0
43,45,183,41,34,0,100.78,91.04,19,15,0,111.5,0,3.85,0,43,45,183,41,34,0,100.78,91.04,19,15,0,111.5,0,3.85,0
43,45,183,41,34,0,100.62,91.03,19,14.62,0,107.75,0,3.72,0,43,45,183,41,34,0,100.62,91.03,19,14.62,0,107.75,0,3.72,0
43,45,183,41,34,0,100.55,90.99,19,15,0,111.7,0,3.9,0,43,45,183,41,34,0,100.55,90.99,19,15,0,111.7,0,3.9,0
43,45,183,41,34,0,100.58,91.13,19,14.58,0,111.2,0,3.64,0,43,45,183,41,34,0,100.58,91.13,19,14.58,0,111.2,0,3.64,0
43,45,182.6,41,20.91,0,100.39,91.02,19,14.19,66.37,111.76,1.49,3.44,0,43,45,182.6,41,20.91,0,100.39,91.02,19,14.19,66.37,111.76,1.49,3.44,0
43,45,181.8,41,0,17.65,102.81,91.11,19,14.38,137.94,111.76,15.22,3.25,0,43,45,181.8,41,0,17.65,102.81,91.11,19,14.38,137.94,111.76,15.22,3.25,0
43,45,181.42,41,0,17.03,111.46,91.01,19,15,138.92,112.13,14.04,3.71,0,43,45,181.42,41,0,17.03,111.46,91.01,19,15,138.92,112.13,14.04,3.71,0
43,45,181.27,41,0,17,102.66,91.31,18.82,14.28,139.64,110.71,13,4,0,43,45,181.27,41,0,17,102.66,91.31,18.82,14.28,139.64,110.71,13,4,0
43,45.67,182.81,41,0,17,103.3,91.17,18.81,13.37,140.58,110.3,13,4,0,43,45.67,182.81,41,0,17,103.3,91.17,18.81,13.37,140.58,110.3,13,4,0
43,46.45,182.9,41,0,17,100.46,91.3,18.9,13.91,138.86,110.81,14.32,4,0,43,46.45,182.9,41,0,17,100.46,91.3,18.9,13.91,138.86,110.81,14.32,4,0
42.42,45.18,182.24,41,0,17,100.31,91.1,19,14.61,138.73,110.24,13,4,0,42.42,45.18,182.24,41,0,17,100.31,91.1,19,14.61,138.73,110.24,13,4,0
41.93,45,182.6,41,0,9.88,100.5,91.08,18.9,13,139.21,111.48,13,4,0,41.93,45,182.6,41,0,9.88,100.5,91.08,18.9,13,139.21,111.48,13,4,0
42.67,45,183,41,0,9,100.29,91.33,18.9,13.03,139.1,112.13,13.11,4,0,42.67,45,183,41,0,9,100.29,91.33,18.9,13.03,139.1,112.13,13.11,4,0
42.71,45,183,41,0,9,100.07,91.19,19,13,138.1,112.43,14.12,4,0,42.71,45,183,41,0,9,100.07,91.19,19,13,138.1,112.43,14.12,4,0
43,45,183,41,5.59,9,100.69,91.49,19,13,138.03,111.86,13,1.14,0,43,45,183,41,5.59,9,100.69,91.49,19,13,138.03,111.86,13,1.14,0
43,45,183,41,0,9,99.69,91.08,19,13,138.01,111.09,13,0,0,43,45,183,41,0,9,99.69,91.08,19,13,138.01,111.09,13,0,0
43,45,183,41,0,9,99.61,91.21,19,13,139.11,112.33,13.65,0,0,43,45,183,41,0,9,99.61,91.21,19,13,139.11,112.33,13.65,0,0
42.9,45,183,41,0,9,99.86,91.19,19,13,139.1,112.8,13.2,0,0,42.9,45,183,41,0,9,99.86,91.19,19,13,139.1,112.8,13.2,0,0
42.88,45,183,41,0,9,98.94,91.18,18.8,13,137.73,113,13,0,0,42.88,45,183,41,0,9,98.94,91.18,18.8,13,137.73,113,13,0,0
43,45,183,41,0,9,99.82,91.33,19,13,138.29,113,13,0,0,43,45,183,41,0,9,99.82,91.33,19,13,138.29,113,13,0,0
43,45,183,40.81,0,9,103.99,91.28,18.91,13.16,137.77,113.19,14.44,0,0,43,45,183,40.81,0,9,103.99,91.28,18.91,13.16,137.77,113.19,14.44,0,0
43,45,183,41,0,11.19,104.6,91.23,19,13.32,138.87,112.8,7.14,0,0,43,45,183,41,0,11.19,104.6,91.23,19,13.32,138.87,112.8,7.14,0,0
43,45,183.29,41,0,9,105.88,91.29,19,13,131.71,111.8,0,0,0,43,45,183.29,41,0,9,105.88,91.29,19,13,131.71,111.8,0,0,0
43,45,184.5,41,0,9,107.22,91.2,19,13.05,134.39,110.86,0,0,0,43,45,184.5,41,0,9,107.22,91.2,19,13.05,134.39,110.86,0,0,0
43,45,184.14,41,0,9,102.09,91.11,19,13,139,108.73,0,0,0,43,45,184.14,41,0,9,102.09,91.11,19,13,139,108.73,0,0,0
43,45,183.45,41,0,9,102.3,91.07,19,13,138.33,113,0,0,0,43,45,183.45,41,0,9,102.3,91.07,19,13,138.33,113,0,0,0
43,45,185.43,41,0,9,101.94,91.05,19,13,130.68,112.91,0,0,0,43,45,185.43,41,0,9,101.94,91.05,19,13,130.68,112.91,0,0,0
43,45,185.1,41,0,9,103.01,91,20.2,13,136.41,113,0,0,0,43,45,185.1,41,0,9,103.01,91,20.2,13,136.41,113,0,0,0
43,45,183.75,39.6,0,9,102.29,91.18,19,13,134.81,112.4,0,0,0,43,45,183.75,39.6,0,9,102.29,91.18,19,13,134.81,112.4,0,0,0
43,45,185.14,4.92,0,2.06,101.7,91.02,19,13,138.57,112.73,0,0,0,43,45,185.14,4.92,0,2.06,101.7,91.02,19,13,138.57,112.73,0,0,0
43,45,185.7,0,0,0,101.15,90.85,18.81,14.38,138.07,112.71,0,0,0,43,45,185.7,0,0,0,101.15,90.85,18.81,14.38,138.07,112.71,0,0,0
43,45,185.59,0,0,0,100.78,91.29,18.9,14.51,137.4,109.2,0,0,0,43,45,185.59,0,0,0,100.78,91.29,18.9,14.51,137.4,109.2,0,0,0
43,45,186,0,0,0,102.65,90.94,18.9,13,138.5,110.7,0,0,0,43,45,186,0,0,0,102.65,90.94,18.9,13,138.5,110.7,0,0,0
43,45,186,27.79,0,0,104.27,90.99,18.81,13,138.84,112.14,0,0,0,43,45,186,27.79,0,0,104.27,90.99,18.81,13,138.84,112.14,0,0,0
43,45,186,41,0,0,101.35,90.48,19,13.69,138.25,111.45,0,0,0,43,45,186,41,0,0,101.35,90.48,19,13.69,138.25,111.45,0,0,0
43,45,186,41,0,0,101.55,90.51,19,15,138.27,109.62,0,0,0,43,45,186,41,0,0,101.55,90.51,19,15,138.27,109.62,0,0,0
43,45,186,41,0,0,100.51,90,19,14.28,135.6,111.39,0,0,0,43,45,186,41,0,0,100.51,90,19,14.28,135.6,111.39,0,0,0
43,45,186,41,0,0,100.85,90.28,19,13.17,137.95,111,0,0,0,43,45,186,41,0,0,100.85,90.28,19,13.17,137.95,111,0,0,0
43,45,180.59,31.73,0,7.83,101,90,19,13.17,137.89,110.32,6.77,0,8.6,43,45,180.59,31.73,0,7.83,101,90,19,13.17,137.89,110.32,6.77,0,8.6
43,45,182,0,0,17,100.72,90.14,19,13,17.43,110.71,13,0,212.8,43,45,182,0,0,17,100.72,90.14,19,13,17.43,110.71,13,0,212.8
43,44.82,182,0,0,17,101.5,90.21,19,13.35,15.38,112.52,13,0,226.92,43,44.82,182,0,0,17,101.5,90.21,19,13.35,15.38,112.52,13,0,226.92
43,45,181,0,0,17,100.81,90.22,19,13.63,16,110.91,13,0,228,43,45,181,0,0,17,100.81,90.22,19,13.63,16,110.91,13,0,228
43,45,181,0,0,17,100.95,90.46,19,14.25,15.45,110.87,13,0,227.73,43,45,181,0,0,17,100.95,90.46,19,14.25,15.45,110.87,13,0,227.73
43,45,181,0,0,17,100.43,90,18.9,13.85,0,112.24,13,0,227.35,43,45,181,0,0,17,100.43,90,18.9,13.85,0,112.24,13,0,227.35
43,45,181,0,0,13.32,100.78,90,18.83,13.56,0,110.23,13,0,227.25,43,45,181,0,0,13.32,100.78,90,18.83,13.56,0,110.23,13,0,227.25
43,45,181,0,0,11,100.35,90.12,19,13.87,0,99.9,13,0,228,43,45,181,0,0,11,100.35,90.12,19,13.87,0,99.9,13,0,228
43,45,181,0,0,11,101.27,90.22,18.91,14.11,0,111.7,13,0,228,43,45,181,0,0,11,101.27,90.22,18.91,14.11,0,111.7,13,0,228
43,45,181,0,0,11,100.76,91.31,18.9,14.41,0,111,13,0,228,43,45,181,0,0,11,100.76,91.31,18.9,14.41,0,111,13,0,228
43,45,181,0,0,11,100.13,91.33,18.9,14.25,0,111.24,13,0,228,43,45,181,0,0,11,100.13,91.33,18.9,14.25,0,111.24,13,0,228
43,45,181,0,0,11,100.61,91.48,18.9,14.74,0,111.6,13,0,228,43,45,181,0,0,11,100.61,91.48,18.9,14.74,0,111.6,13,0,228
43,45,181,0,0,11,100.64,91.17,18.91,14.58,0,109.82,13,0,227.66,43,45,181,0,0,11,100.64,91.17,18.91,14.58,0,109.82,13,0,227.66
41.67,45,181,0,0,11,101.63,91.4,19,15,0,109.55,13,0,227.88,41.67,45,181,0,0,11,101.63,91.4,19,15,0,109.55,13,0,227.88
41.17,45,181,0,0,11,101.26,91.44,19,14.31,0,111.29,13,0,228,41.17,45,181,0,0,11,101.26,91.44,19,14.31,0,111.29,13,0,228
41.14,45,181,0,0,11,100.23,91.28,19,14.06,0,110.05,13,0,227.96,41.14,45,181,0,0,11,100.23,91.28,19,14.06,0,110.05,13,0,227.96
41.25,45,181,0,0,15.74,99.88,91.26,19,13.83,95.05,111.2,13,0,226.91,41.25,45,181,0,0,15.74,99.88,91.26,19,13.83,95.05,111.2,13,0,226.91
42.54,45,181,0,0,9,100.31,91.23,19,13.44,137.21,111,13,0,227.56,42.54,45,181,0,0,9,100.31,91.23,19,13.44,137.21,111,13,0,227.56
43,45,181,0,0,7.82,101.58,91.34,18.9,14.21,139.4,111,11.31,0,194.77,43,45,181,0,0,7.82,101.58,91.34,18.9,14.21,139.4,111,11.31,0,194.77
43,45,181,0,0,0,101.9,91.27,18.9,14.87,139.08,111,0,0,6.4,43,45,181,0,0,0,101.9,91.27,18.9,14.87,139.08,111,0,0,6.4
30.96,45,181.9,11.08,0,0,103.6,91.3,18.9,13.87,137.78,111.4,0,0,4,30.96,45,181.9,11.08,0,0,103.6,91.3,18.9,13.87,137.78,111.4,0,0,4
0,45,181,31.37,0,0,71.22,91.45,19,0,140.23,111.8,0,0,4,0,45,181,31.37,0,0,71.22,91.45,19,0,140.23,111.8,0,0,4
0,45,181.19,0,0,0,2,91.41,19.09,0.03,139.97,111.45,0,0,4,0,45,181.19,0,0,0,2,91.41,19.09,0.03,139.97,111.45,0,0,4
0,45,181,0,0,0,2,90.84,20.14,9.38,135.75,109.05,0,0,4,0,45,181,0,0,0,2,90.84,20.14,9.38,135.75,109.05,0,0,4
0,45,181.4,0,0,0,2,90.65,19,11.26,140.32,111.4,0,0,4,0,45,181.4,0,0,0,2,90.65,19,11.26,140.32,111.4,0,0,4
0,45,181.4,0,0,0,2,91.11,19,13,139.67,110.4,0,0,4,0,45,181.4,0,0,0,2,91.11,19,13,139.67,110.4,0,0,4
0,45,181,0,0,0,2,91.4,18.9,14.59,66.89,112.14,0,0,3.09,0,45,181,0,0,0,2,91.4,18.9,14.59,66.89,112.14,0,0,3.09
0,45,181.67,0,0,0,2,91.52,19,15,15.56,111.67,0,0,0,0,45,181.67,0,0,0,2,91.52,19,15,15.56,111.67,0,0,0
0,45,181.7,0,0,0,2,91.45,19,15,16.49,111.52,0,0,0,0,45,181.7,0,0,0,2,91.45,19,15,16.49,111.52,0,0,0
0,45,183,0,0,0,2,91.27,19,5.34,16.47,111.09,0,0,0,0,45,183,0,0,0,2,91.27,19,5.34,16.47,111.09,0,0,0
0,45,183,0,0,0,2,91.18,19,0,4.67,111.18,0,0,0,0,45,183,0,0,0,2,91.18,19,0,4.67,111.18,0,0,0
0,45,183,0,0,0,2,91.35,18.9,0,0,111,0,0,0,0,45,183,0,0,0,2,91.35,18.9,0,0,111,0,0,0
0,33.55,183,0,0,0,2,91.26,18.9,0,0,111.11,0,0,0,0,33.55,183,0,0,0,2,91.26,18.9,0,0,111.11,0,0,0
0,0,183.23,0,0,0,2,91.67,18.9,0,0,110.88,0,0,0,0,0,183.23,0,0,0,2,91.67,18.9,0,0,110.88,0,0,0
0,0,183.13,0,0,0,2,91.24,18.9,0,0,111,0,0,0,0,0,183.13,0,0,0,2,91.24,18.9,0,0,111,0,0,0
0,0,183.86,0,0,0,2,91.05,19,0,0,111,0,0,0,0,0,183.86,0,0,0,2,91.05,19,0,0,111,0,0,0
0,0,184.14,0,0,0,2,91.11,19,0,0,111.19,0,0,0,0,0,184.14,0,0,0,2,91.11,19,0,0,111.19,0,0,0
0,0,186,0,0,0,2,91.13,19,0,0,111,0,0,0,0,0,186,0,0,0,2,91.13,19,0,0,111,0,0,0
0,0,186,0,0,0,2,91.21,19,0,0,111.1,0,0,0,0,0,186,0,0,0,2,91.21,19,0,0,111.1,0,0,0
0,0,186,0,0,0,2,91.3,19,0,0,111.09,0,0,0,0,0,186,0,0,0,2,91.3,19,0,0,111.09,0,0,0
0,0,186,0,0,0,2,91.6,19,0,0,111,0,0,0,0,0,186,0,0,0,2,91.6,19,0,0,111,0,0,0
0,0,186,0,0,0,2,91.28,18.89,0,0,111.1,0,0,0,0,0,186,0,0,0,2,91.28,18.89,0,0,111.1,0,0,0
0,0,186,0,0,0,2,91.59,19.1,0,0,111.19,0,0,0,0,0,186,0,0,0,2,91.59,19.1,0,0,111.19,0,0,0
0,0,186,0,0,0,2,91.98,18.91,0,0,111.17,0,0,0,0,0,186,0,0,0,2,91.98,18.91,0,0,111.17,0,0,0
0,0,186,0,0,0,2,91.71,18.81,0,0,111.29,0,0,0,0,0,186,0,0,0,2,91.71,18.81,0,0,111.29,0,0,0
0,0,186,0,0,0,2,92.45,19,0,0,111,0,0,0,0,0,186,0,0,0,2,92.45,19,0,0,111,0,0,0
0,0,185.55,0,0,0,2,90.99,19,0,0,111.2,0,0,0,0,0,185.55,0,0,0,2,90.99,19,0,0,111.2,0,0,0
0,0,185.7,0,0,0,2,91.49,19,0,0,111.2,0,0,0,0,0,185.7,0,0,0,2,91.49,19,0,0,111.2,0,0,0
0,0,186,0,0,0,2,91.24,19,0,0,111,0,0,0,0,0,186,0,0,0,2,91.24,19,0,0,111,0,0,0
0,0,186,0,0,0,2,91.41,19,0,0,111,0,0,0,0,0,186,0,0,0,2,91.41,19,0,0,111,0,0,0
0,0,184.71,0,0,0,2,91.26,19,0,0,111,0,0,0,0,0,184.71,0,0,0,2,91.26,19,0,0,111,0,0,0
0,0,185.85,0,0,0,2,91.38,19,0,0,111,0,0,0,0,0,185.85,0,0,0,2,91.38,19,0,0,111,0,0,0
0,0,184.5,0,0,0,2,90.83,19,0,0,111,0,0,0,0,0,184.5,0,0,0,2,90.83,19,0,0,111,0,0,0
0,0,185.29,0,0,0,2,91.4,19,0,0,111.19,0,0,0,0,0,185.29,0,0,0,2,91.4,19,0,0,111.19,0,0,0
0,0,185.25,0,0,0,2,91.46,18.81,0,0,111.1,0,0,0,0,0,185.25,0,0,0,2,91.46,18.81,0,0,111.1,0,0,0
0,0,184.2,0,0,0,2,91.38,19,0,0,111,0,0,0,0,0,184.2,0,0,0,2,91.38,19,0,0,111,0,0,0
0,0,186,0,0,0,2,90.57,19,0,0,110.9,0,0,0,0,0,186,0,0,0,2,90.57,19,0,0,110.9,0,0,0
0,0,186,0,0,0,2,91.17,19.62,0,0,110.81,0,0,0,0,0,186,0,0,0,2,91.17,19.62,0,0,110.81,0,0,0
0,0,186,0,0,0,2,90.57,18.81,0,0,111.27,0,0,0,0,0,186,0,0,0,2,90.57,18.81,0,0,111.27,0,0,0
0,0,186,0,0,0,2,90.95,19,0,0,111,0,0,0,0,0,186,0,0,0,2,90.95,19,0,0,111,0,0,0
0,0,185.25,0,0,0,2,91.66,19,0,0,112.09,0,0,0,0,0,185.25,0,0,0,2,91.66,19,0,0,112.09,0,0,0