x1,x2,x3,x4
7.265016981667309,20.776636257232795,1.6578844468542222,15.105495934164022
7.225034042533409,19.70834696371024,2.258351045188477,14.600160157885286
7.260084348505493,20.543755335439965,2.4654347317044376,12.528197717874024
7.976979853416281,21.056802394697637,3.5825179513896916,12.784948875419387
9.373891438822037,20.83390124197857,3.3204843025319493,13.122816178584918
6.961065245951072,19.538864955851395,3.9130705443131646,15.794683490404967
6.6929869934200354,20.453507875650452,3.662363467075181,10.973000262717076
7.61191567640528,20.56914520046293,2.5022200688842187,15.28087722932952
6.135324454967581,21.008857168259937,2.920879612261627,13.712005267789657
5.801852265569312,20.843616746381574,2.1481395776167878,11.391992476908143
7.320850308350256,20.80642414302794,1.0021498763346417,14.494968156434215
6.48928873147442,20.684300493509653,3.1270807345446476,11.256564565104828
7.166231286867169,18.362357993366338,2.7772685501570855,12.360553941695066
7.077141201514807,19.63864946564602,2.39409251789479,16.11003827494816
5.22136270040371,21.68361143632946,2.0454896342636246,14.804625574203117
7.066432664870932,20.037662603846265,2.6664473880438306,9.887941778776973
7.9625954448935055,21.616892210352702,5.106300476886917,13.978826562230342
7.493393312273101,20.415380353822716,2.3865489933201434,11.030390448930657
6.660099387338377,19.66291692665741,3.126097099762723,14.87221830606136
7.399151310050799,19.579436833483122,3.5062173200021354,11.096723547691765
8.96172497535118,19.846632368688198,2.061984695124391,11.612688464080971
7.157398558760898,19.315099171163805,3.1414769224358827,16.560622403651656
7.0603672695366715,20.1450090712577,3.9592255861145818,13.740254351562891
7.969215859405486,19.289670492020736,1.718375135043445,10.813736989054552
5.946192166701122,20.915106288995624,3.455826935483775,14.378270618318856
7.30509788929042,21.58216003427373,3.6916414822677215,14.416382280267987
7.059276491121286,19.11495144143022,2.6583864727933713,8.630402187552761
6.052037221076519,21.751930916863746,1.6178417330330062,13.123547536335147
9.990724363127292,21.379289894622246,4.790531507808589,15.199204468759339
6.779489925628943,22.343125286401083,1.2237338088236547,13.924122548906496
7.3949860628446125,19.329715216630984,2.882676264003651,15.14021531706483
4.818443672844252,19.97564201070154,2.9210474831145494,17.641013939137174
8.780369585603093,18.294366846615695,2.8694387206718477,14.540847167113478
7.492316803111657,19.245008777268293,4.5199086683695295,14.76934917392766
5.315801747516096,19.91737036323837,2.8962924950002056,14.344162423341684
6.916628781855595,20.601927906292065,2.9615955060822716,12.059686961688346
6.580328918195196,18.675912836084265,2.4965586103871216,14.202939618715222
7.328580620594953,19.542910850010397,2.2055859948313983,10.22152587165911
7.614881649471611,20.106883930893794,1.2415852747965925,12.005959700832278
6.329693852889204,18.064040158482683,3.2814974264535124,13.608055130695464
6.713082638967037,19.18218256372648,3.727812936369209,11.347418570986953
5.937642908094562,20.28312924524163,2.2583899694692833,13.510886419162418
7.971356321556,20.541566009372378,3.634020045729011,9.946182496328158
6.616628176794312,21.400472710782434,2.739134396547807,11.551740914865796
6.46159845947262,20.850308573106435,3.8870165238197805,10.681761702665536
5.362833169516463,20.5006464998682,4.152580349884295,11.864058493804697
6.6167078960578705,19.94255164150994,2.5418549281487266,13.229061258644494
7.953812516705475,18.322885836346746,1.5306713624679846,12.046588275338365
8.020586458529312,18.97161787684119,2.51962372142094,17.236607360370208
6.624408005772681,22.104904838068883,2.790217005741095,15.792621069869698
5.324505474010981,19.84582334583331,2.1046543803941447,9.651752563415593
6.772993923950029,20.091576856938254,1.5507374761632708,16.97770264794227
4.984979986354919,20.54902530931551,1.3383754179723497,11.171793379714472
6.710672845942879,20.482054133765743,2.7388872675550133,11.354667748244228
7.309225713051197,20.446000956025507,3.1366034678819847,11.168761238995437
6.972051986836445,20.863591925837387,2.4252407453529345,11.01498528742096
7.206388028541947,19.93746971151549,1.4215697074946985,12.328217656521348
7.430866111621406,21.25691328920372,1.208129234024994,13.000043875945506
6.1180440307834765,20.146610330634886,3.8032230390240995,13.034571252528346
6.161403218538291,21.655145658435888,5.027978321639322,11.376760397705691
6.068869305683585,21.68324337568456,4.371661277027302,13.228537561126867
6.060558381785556,20.348898044133477,2.2857609133514174,14.3088277754391
7.11647517854401,19.538064527610118,3.3575723943623723,10.167947339626906
7.677152691674039,19.388045008193785,3.402872064045264,12.517832143466727
6.853972709878505,21.051493605123607,3.762814693342402,10.507177262786273
7.090084766266414,19.807310139075874,2.7891291338336304,11.886636878649872
7.638314697899069,20.754764249320655,2.8937901176338974,12.937581824333572
7.235822115972393,19.81853565759875,3.575549998919902,15.358929617062202
5.855547493699818,21.040044280973227,3.2334861017240337,10.324388256278286
6.7551457899201655,18.127373385539308,2.137211050296746,15.18871162997318
7.93786817660356,20.710554263990048,2.2279148698958413,12.68356540989243
7.489409816779294,18.841082867887064,2.883891566653927,9.709177185247043
5.982704015125402,20.69553387643366,3.6312277355134097,11.619060880120989
7.651193517489513,20.030421341511396,2.9829508723625064,12.020908563625934
6.85499394126358,20.283847786324813,3.1804694869155163,10.537125462754286
7.125638407050358,19.439255003942858,2.621342108303266,8.981686574374457
6.716216354644033,21.037241876142573,3.8283127965538535,12.966772446838233
7.160933592306453,20.737016739784533,2.208888711884427,15.290669222644379
5.8837290331464605,20.57964647684532,4.1351274898752886,10.92314847997294
7.560021681627543,19.48833612330232,3.8374829036032305,13.78363217207917
7.265235417788605,18.331085471916044,3.9267427624868634,11.308433906579488
8.258792432528203,20.33113363437638,2.8342160969274253,14.862643737357073
7.415114068362246,19.9517356252857,3.573096449361615,12.383825073741384
6.833386921691217,21.001037990906188,2.2356400972484707,10.541881844267506
5.771050685276205,19.299246176056407,3.227177023396469,13.737947556114573
6.9119859775215655,19.72560803359734,2.7107129461688277,14.232555860015708
6.402322874842561,17.839760672646594,3.3617734102760424,12.808233782110234
7.2366071796521565,18.9382327795562,4.026882936395214,11.140179468933944
8.475900444861885,21.382669009751492,2.3057945169494003,12.670932075268377
4.862052611154207,19.92880267741796,1.2855672581761808,13.733291945292482
5.512370486991391,18.693687766191037,4.081231516413611,16.051060207791654
6.804732478913257,19.341063318383906,2.015923613647202,10.867139673660684
7.663181633173777,22.282000691904564,2.843493374885013,11.816025165444767
6.336794915346449,19.80798891105497,4.304210325952507,14.56358300759968
8.388924609168978,21.124174157219024,1.9687558789179374,13.572888038324868
7.588836230759478,19.519183569574796,3.073408836977324,9.480214775973714
5.131565527398212,20.29532940507601,3.451662510089688,13.271178823721446
7.709176976871599,20.39135145669282,1.7343663860146108,11.244011805667482
7.083827541015231,19.350914996134197,2.744362941381735,14.46498424569894
7.9377253195548585,18.952433626536667,4.37596722837098,12.20243653727702
7.038637528325014,19.816495535548253,2.0520424115164766,12.32216164324789
7.643291452521626,20.154084771971714,3.980154670411523,11.37981131784119
6.247524644735764,20.581840435005677,2.3191934607045637,13.328286830478875
6.449693053408308,22.237829988718712,3.0664425856195456,13.163231528522562
10.295501110756058,21.030823374961024,2.856544399159628,10.864418729002734
6.676915481290776,19.047932773858037,2.9677657571047957,13.702811758964877
7.227015218763467,19.578928797345714,3.794980698951746,13.691641515373513
8.622708675095407,21.48007333942394,2.8478652550716497,14.25393300682363
5.6103758238802355,22.55081732578342,3.7907191399879694,12.710944090566525
6.6685516958068165,20.870152675634504,3.581133614332047,14.329740962131199
9.726033949832159,21.233365784141963,3.0595346327365522,10.68296733178315
4.059692945693939,19.408414765775692,3.2816336631999747,16.811903916048692
7.2882211714905205,20.029838785072165,4.5684354896587225,14.896540087413033
9.323015069427795,20.790675695084733,2.286657003734109,15.029558517085416
6.130042833540111,18.888699096628716,3.8631451277700712,13.013132855380642
5.645879799582113,20.06703884112229,1.5160985952126853,15.403397240782285
5.227424105975865,19.87203715491772,2.7916872557288586,12.894644153422314
7.837714484802001,18.201019009113587,3.240879303697124,13.580555597551692
7.478835651812137,20.242988197576025,0.9234306490435769,12.960388403604128
8.534516475335396,20.981137970275853,1.5955628675922937,15.908198756200377
7.053523597173177,20.99759567322563,2.0842691064730867,14.903353077330955
8.323412200912447,19.14602137671461,3.3902045755251793,14.531661136973797
7.839723592715293,20.73422570969727,4.175414242011455,14.369889016593989
5.444095130710004,18.648388996617633,3.648592073677861,9.65676482407276
7.7375818704048305,20.88300756266602,2.887003410964828,17.30069034444317
8.03525703881008,20.930454168969245,1.8644889454942069,13.4365357628422
8.23425514791887,19.725612325544915,2.473702111170006,13.975271906084043
7.704416956330598,21.2908780659524,3.3940900628476705,15.527039242085005
6.44084545496104,18.584136984519922,1.938823165323206,11.713133389714372
7.853405052504651,20.682775322270793,2.178389040611624,14.876832491633321
7.18590105179586,20.55116891109151,2.071392021063706,14.212628905256347
7.40406170605436,19.25174432755931,3.623004893595815,13.936600392153823
7.24256728549005,19.231932778274814,4.027603691736045,12.75392409453175
8.266404503530984,20.784239625929533,2.7456830665462455,12.520603343417308
7.382616061624902,20.599330242755403,2.028390991701132,13.909113960444637
8.031194876905342,21.692820429718363,2.5022232271867177,15.632070434044262
7.831529387291434,19.03494662722838,3.2977162150508463,14.563839260795277
7.795480050239977,19.635666270268956,4.2454497924756565,14.443337262808871
7.555607935877894,17.844671737211456,5.645769244348882,9.950929131028523
7.8841979504922275,19.868011522925748,4.152482737884183,14.537417127430032
7.498744054039084,19.477475054485037,2.8107764484093964,17.2471129157197
6.472606429103143,19.75830107178156,1.8424687592161324,11.633300266824525
6.615045798939762,19.721854228478264,3.462450476751038,10.650907733651335
6.846041124724225,20.688960478894376,3.0956644136740588,11.98426300591455
6.122623311203601,20.009902049691256,2.7703759026514443,12.402021864902649
6.878550128658634,19.103395112430064,3.359947483731876,10.97824343453766
6.772998625373671,19.458211513641757,2.8991395225627303,15.50375849864557
5.945365863891203,20.559101810245156,3.456369353096352,14.22459313074457
8.356061912179117,18.856449188600862,3.807323827093814,15.57654901050705
6.581127286157241,19.99717431762995,2.4433784599525445,18.738943789381377
22.08675391102907,21.787309987408527,2.572481245488019,11.559175421577661
23.420347504606525,20.839748059222384,3.2227138713103827,6.721909559207289
28.235653392847585,21.36277370900112,1.6946043015287786,11.122442424048447
21.202943476246354,20.617821730106915,3.0488067477262963,12.668238750023935
27.77874669068979,21.795296806180122,1.7474950311022417,10.718716872269749
29.456460526266095,20.048500959028683,3.0726868649384973,13.403707453919543
20.167025916618908,20.18299791396467,2.9345319880826333,14.789658241806446
26.278618358765208,20.98869561718316,5.093067462607321,10.894144674793827
29.643664475218777,20.903959172243926,5.283612249314155,12.689799475210407
24.868050109407232,20.382285609829534,3.7354057904710762,11.513269655725054
25.981803363875265,18.396690763716677,3.059395462875194,12.78849460513479
27.04690421340671,21.059183470266778,3.32976687043447,8.654985499476707
23.467136512205748,21.38204402947601,2.177265045848661,17.751988600596015
26.586042288466825,19.134382248809942,0.40917579431330964,12.01971276368208
26.54686495791728,17.88330092742408,1.0392605352148512,11.378600719870542
22.826997990154197,18.943407388928758,2.4042749653978777,11.477803503944514
23.550309693679495,22.260695945681697,2.1536819287139672,12.607841012118044
22.894929040571892,21.52403779215193,2.4369124359940177,12.051238393186702
26.618427250854744,20.673249984296678,3.2847293235203927,11.687806825949338
22.29867468152414,22.195318837829216,0.6767370712993754,11.575295303686817
18.904454097998325,19.353285455269713,3.2262349375430555,12.153016744384814
29.70629198769828,19.742637753310042,3.380960405646852,13.856606824403892
21.913445387100264,21.002101685919325,2.791532658031887,13.933307226736554
24.562115273802036,20.05332815052917,3.5565640501979514,10.786231361765147
20.528602428370675,21.210819433332432,3.054040365510513,9.603468578391235
21.725178372750744,20.446496416816498,4.487931568273928,11.154047596182206
19.234480348860817,19.576479932897197,2.843847109183618,10.779487640720678
29.176828444498625,18.57379120974026,3.830252137358891,12.668225025088361
23.823956871999115,21.20339296404396,2.758423187776357,11.910211959090795
22.492808805774704,20.262368189938098,3.042617321627476,12.864569669039055
30.2483975907887,20.140270430204904,1.1415356828422076,10.828905159703357
22.310780316186687,21.152867246593626,1.8326566117841476,14.99944647318732
16.567905634084386,19.476051709388845,2.232376632643989,8.453494100995254
26.627284800324357,20.095845675553917,1.8916069805516047,9.944801743213539
21.230549205654555,18.674462200709804,3.4405849523500014,16.09843842865626
24.2743054573627,19.194619852225443,3.111811170126421,14.514345966622235
20.940098191884264,18.848070141138642,1.510646649444785,10.977090805544
19.423745953494674,19.436368228645247,2.38616157308791,14.105448579553276
23.90420781303264,21.227202991874183,2.750840030727996,9.985269515791819
16.315245061473828,20.71796257913672,3.7381450936600267,11.612980217285392
24.373416003050135,20.20990404372397,3.5957413640382736,11.382007731481615
23.183350422937835,19.639669289761585,2.169022571091227,12.072311914923162
29.65255953422136,20.977723338718384,2.020768293416869,14.82284455495358
23.27973100134068,19.306820262348317,2.1183377730778,12.869570732514475
25.268093096527032,20.693037683239442,3.0896145258305947,9.639317486793448
20.20818678645125,20.33869960800929,3.0442886493742436,11.189428163693274
25.304756225035895,19.751861896827183,0.8068886777511408,13.688609303159778
19.877945128873453,21.00727075396831,1.8620654558561305,9.6879895648664
26.18269868599621,20.140635291308115,4.319688976560499,14.606387922716333
29.190442281956685,19.73899390539518,3.8095171651514943,11.922724790279739
25.531119254403922,19.191487924385022,5.762711098242184,12.11869051632274
26.032344646379265,20.27232742563884,3.8354453882208444,11.233108823461059
21.314259594807673,20.231613818502257,2.61913038574539,11.926407262910185
26.285617766638566,19.751450186691354,3.5453820158655445,13.047421972901283
21.9629546783044,20.320428744031712,3.3717294815190533,12.588975663362726
27.743006096974646,16.546755647036335,2.1288121385135486,14.1542901424982
26.074013969908133,20.83832964716665,2.437787692822774,14.090078271231972
26.281874499104383,20.67553777698344,3.944494403597398,11.904138163628353
25.652752771432628,19.850484429413974,2.4264574660974407,16.00743051782932
17.815351433947917,20.806156291487024,3.0828085364537876,12.361937044200232
26.682343768858214,20.630497691579674,2.2636845035308677,11.684617550006754
27.427696326688835,19.97389557673681,2.987566470190798,12.541690549564363
23.53538307442343,20.016605715460233,3.2413174759158103,12.56327702255719
21.018136007156976,22.114500837220625,2.126363061702956,13.732843594244539
22.799819354435197,20.96541157646799,3.032968902324178,15.938899513458693
23.32145478672327,18.814247591877074,3.7479478791653915,15.032819677637368
29.31071197418389,21.12629169923084,2.5379237520933176,13.438108667346405
27.903025283464416,19.72429610277679,2.626173636229555,13.825818442017392
24.165145825798458,19.374940554335918,1.144148364550548,13.33479163615329
26.347529885680334,21.2863925027043,4.571724524120965,13.84430529474152
21.701092348674425,18.50483913592834,3.835525338808503,13.344453697199933
27.105583237979772,21.340727305796932,2.0939512026120934,13.102368401906215
25.35995347647571,21.085246739907884,3.445686456648576,15.435974644669557
20.23361663805291,20.41282145588024,2.5556754436167695,10.649479537667135
25.54815324877861,21.15123131233377,4.358879133848043,16.330367827586862
28.51598009906037,20.570654188633256,3.6317186517804227,11.381039788405928
22.014944953650883,20.7498117478068,2.5355846016089307,10.284790501247327
27.21232382360352,19.488969516939484,2.4458598992805816,11.191817485548802
14.469105623084898,19.85135647841758,2.590271252462863,12.710592983509258
32.4812050467731,20.71850685196366,4.2921702715578505,12.966702220261674
22.143135182267354,19.415312632168234,2.589128651744338,11.656873264364219
21.63565687995765,19.4852367408911,1.890379921403527,15.609225411744465
22.054611281435854,19.98539777531098,2.425749337651441,12.11928956039468
26.521692798868035,21.32101257239661,0.33515441575320803,10.976949851597627
24.26389080103039,18.332288400980538,3.9184705792799166,16.679939919637118
28.17307023863446,18.395865028976164,2.5492842295177107,14.877218995417152
28.088644279320878,20.475203615431127,3.247485362226328,14.879032531997199
24.131318728921695,20.602036121067567,2.7425330784055464,12.458569207868916
23.684803252264157,21.59281501174572,1.4547147089837382,10.051618759439135
26.553529715269693,21.623440365517826,1.929729842779249,12.80522902207845
20.571593616100316,20.268799100256704,2.3943640159922044,12.881504154029493
23.380935756427025,19.692628778881396,3.2456470626769045,13.208802061196733
22.546089552750498,19.925594074307092,2.864257816673595,9.893782908127148
22.468991078702615,19.63154729752112,3.954774324664948,12.692241305551134
19.328438227534516,20.151852539004523,2.964091470410794,14.936669043617826
30.34659987763213,20.895903698888073,2.869317855527295,17.862837103945797
21.82619378476074,18.287408206517124,3.597445648565808,13.195161922971877
19.33562918016672,20.348703401016152,4.474923482319401,12.166028221521469
23.841768699504552,22.31053417540904,1.082789443171309,13.038998436713431
21.384953485508518,22.152905586256107,4.266909738431297,10.504729364512293
8.078984204780685,21.766886718396254,3.9713218541068165,14.26234034350969
6.934456356955038,21.152856609679482,3.6047022409384617,11.246005026049179
6.96670925457661,19.21484589215773,2.9360930053925074,14.203517010567758
7.496466899942185,21.14661437522829,1.2240921655349302,12.894804411625616
6.2277779513868055,17.694346497668732,3.420200095038851,13.070186306742146
6.536318828556,18.887370161674824,4.128752973850249,11.097499487443011
8.467277279213278,20.141352854876793,4.044757312175116,12.753622837133832
8.446324762448365,20.706871003325745,3.3748615588690813,15.80908413613215
4.4327738811551285,19.557975029862657,1.6962042461120823,11.841171433151095
6.333622300693915,19.714508391795814,4.724261400906293,14.158017796909443
6.345061281522706,21.27234330727235,2.182057097124061,16.139776691770482
5.581714625111048,20.685945306978986,3.191953035274935,13.19150562966329
8.489224902432557,20.254029836543506,3.0180499350147474,12.62565226920477
6.4346323873650455,20.243219149733314,3.8616022758390582,12.860922016815783
6.091313635661846,20.602174481454597,3.8555554369087877,9.388192323293854
7.242703443271813,20.218504054390046,3.550436740468164,12.216466957563183
6.886922673653792,19.395369050024676,2.803524206159583,12.09803398249211
7.4105104633221055,19.585281534796714,2.82865294932141,10.800195264346655
5.34307206095419,22.465223869841275,2.469579452303231,12.087498387350351
5.872175078513159,21.66356445083364,2.083451864912944,11.461877017927351
6.180461772419039,18.959920308645053,2.7646287700726457,13.469335201571724
6.771884144453525,20.425986787600937,0.9176530868827091,9.757700911234647
5.249505103427371,21.31862361154123,1.364921129759274,12.46945737144189
6.160585541022477,18.87709310201398,2.6227388294292266,13.08806459328826
6.217210652613399,19.28375735380988,2.882505445060475,14.45009539864355
6.552149547440404,21.392033569418828,2.727861801961992,11.471305766476409
6.474259609787709,19.919451848545496,1.5874629348451395,16.838509156877517
5.744097232600593,20.786473720242306,4.017437369824073,15.165170140837319
7.653897049409977,17.39614002921153,2.3278972829511404,13.539398357831004
8.038053087918062,19.186048771230887,4.408967496368005,11.281866892648523
7.038550475755611,20.13628156944298,0.8103788040447975,16.522423813904595
7.987952806851552,21.733980952611695,2.7715763667175812,18.329686970601127
7.553197488554629,18.68937989436253,2.707568545645967,15.64760818656251
7.486042158538221,21.032740353595496,2.033938957710347,14.546695711357653
7.911174855420545,18.762085786484924,1.6227154929452166,13.040488593272514
6.823598647191279,17.390549615788615,3.69333185585146,13.783502155993855
8.156171855762521,21.438630450676065,3.7691331196198465,10.004257944442607
6.808973845110884,20.630637813266684,2.954442223274804,13.4885801133561
8.729502662478344,22.022178218823143,2.778307386731365,11.302208069789534
6.528692822947024,20.0720136481245,5.3886450084592035,12.981841445930247
7.916422083177426,19.31307880070159,2.423544559414494,17.185051814739293
7.066223602718269,19.390596493612804,3.647824076228205,11.906697283249002
5.100807659623378,20.146464351691797,3.288478461903034,10.97991904148803
6.038872970116863,22.155743460822492,1.3302918695148205,10.479620873494714
7.910216079303947,17.69941132523734,2.9635196434500677,13.782389440643435
7.925745768219868,19.2442670869927,3.2362534977537045,15.99462259493912
6.99762921037681,20.25895129555256,2.380628311466457,12.886151486329599
4.580051355227878,20.087553963564893,3.142903732857219,10.559754939686941
7.110519273022125,22.53492371579104,3.0348991532051586,12.825027856524722
7.8979365177656815,20.26053026460762,1.6071913699315448,13.271381178004285
7.260641602460582,21.433328115637025,2.9333562738321755,14.086419488074092
6.978990368247299,19.686536937415646,3.029901458696715,10.971189305284103
6.472161575402797,18.93096978882863,2.7490291853000755,9.103327352933011
6.611431200864321,19.915072385840237,2.3336006099487814,13.227897638204807
7.257425643676291,19.71342585986417,2.612751686563173,10.439138674483251
7.054465568492678,20.464361159793366,3.9210866180006994,17.678819040201752
7.878794639970874,18.500557130672693,3.721976323694573,10.598826531936258
6.415763711844606,19.730612274571243,2.6709495666257324,12.88335878881803
7.4130135251501,20.148920564878406,3.152681632260996,11.260064141039452
6.668838432212326,21.567947844604713,3.50225104363719,10.71507121895467
6.49304900881807,19.70267731069893,2.8921893324044032,9.801955734590983
7.004166328168266,18.278292203545753,3.5156389137776864,15.009664916196847
7.506368459810581,19.795372182585442,1.358527281959221,12.761456911354925
5.855133949783659,18.215635184739035,2.813453825597749,12.045082636774458
5.946114861027873,19.173663712840515,4.066363943294373,13.353539922370965
7.998432643207435,18.678746991753435,2.372626516353403,15.000611144594346
7.329408194688772,19.802869984619992,3.6334192879114364,12.63549085893194
6.94936241499606,19.677422919149706,2.9716276088249987,12.752858762202091
6.630425464819246,21.333265737627826,3.0369330879473373,11.655947901126437
7.511337907017338,20.601398496742362,1.4004240649818858,13.819853930548518
9.453340425040825,19.537776098242702,3.8075303442437662,11.759473522035783
7.097599805104396,20.566652192358188,2.5281457170796022,13.174923469748233
5.434121736485013,20.854154064854463,3.781929011520588,14.729501949742694
8.25076659087806,20.273813417217884,3.164269854615845,13.148920201860982
7.004819179544036,19.936709942452115,4.771988132247606,15.054481375498403
5.643621275673139,17.667841472423888,2.236799818952967,11.564102570773727
8.319802476311564,20.281208210851602,2.665054325056301,13.480717346383548
7.415635351012287,20.343598167656747,3.2442346065814935,14.705070254463326
6.872008439585583,18.870374214668814,3.21635906115055,13.206892489674038
8.590514742001453,21.86449454836761,4.846026118958111,10.68868372322041
6.497876344473283,19.61825812192937,2.9274101951065843,14.94554310943459
7.03757488590864,20.274102626996523,1.9194964042605869,11.205435150245998
6.387984900854953,20.21113318408688,2.9591552732147717,17.301308259529446
8.46522891551996,19.891923398922977,2.5745025239197843,12.698539081308706
5.965870738571436,18.432316851556717,2.255388450588611,13.604768033466788
9.89266657527699,20.592287022930414,4.432161658155843,14.448636895048224
8.743886858037131,19.407130213949543,3.3763994070495387,13.723376543863479
6.795373241761471,21.055661361761626,0.9770628334350255,8.864317720404319
7.188379494563779,21.028982003552517,3.6833968141923803,8.255538633580745
6.395022702444957,18.704018223764972,3.3473082699811054,9.96884732731834
7.669825201772023,19.89596718497958,3.080781995743821,15.421776441951186
8.518672383109559,21.115068266494614,3.5984867032590904,13.212882524626421
7.608978771427964,19.119139874757195,3.6488335295572276,12.30426295593901
6.247094649584167,21.239692924214584,3.981451255908156,12.185572041680325
7.762149035609453,18.939365929604637,4.9256105109757105,13.350557328606488
5.865285196759323,21.437863861802906,3.5389740267213226,13.622700944419162
9.453309416207588,20.01060543989749,3.062134452513471,12.17353267798878
6.156035447579907,20.55052534848834,3.1036828854289764,14.568013538403342
6.734445589255639,19.318542898122615,2.543679243321832,12.18839292599646
6.050649407615293,18.74377223357398,0.8937960386005255,11.806487632896607
7.339641722514491,17.98952809832548,3.7711810116127773,9.59517921565835
6.982259006273835,18.525913180605706,4.756430367702604,15.264166082478761
6.983118284407553,20.927867244733342,4.886104759489338,13.258258843728425
7.059593187532117,20.059316480665327,2.787207601717785,12.332048192045646
6.927406274303745,22.29385698573611,2.2468592762386455,13.588057980857744
6.889915670018051,19.24716092303737,2.8374825205292766,15.627022175840933
7.12744366253346,21.699413425776573,2.696724742084312,13.246022737540203
6.79100618818973,20.958005288241793,4.055070701080066,13.142497723333191
8.080815303069064,22.11751790351289,2.483585715398574,18.079338148160332
6.312858584676493,20.14294176181979,4.585964339964335,11.444581406321795
5.791573269682847,18.60478191928588,2.513786302079238,15.357797601224863
7.097306256326804,19.745264577582237,2.647994091762088,13.807893136164822
6.893914964368181,18.613532259870468,2.529795727271732,9.974211543361434
4.067655619416825,20.8350886421693,2.087760546911957,12.066402685396268
7.584439371031518,20.902699803046982,4.308258668033615,10.903377020393162
6.897996009425166,20.215563065505258,3.930237448714062,10.223827239864152
8.330109115245138,20.85159715765323,1.9670251673715236,15.63549534363487
7.412817274272709,19.93069547464767,1.7134772918550243,12.64353907832024
7.258214544507167,20.73856123208416,4.564630182421594,16.14113103801287
7.399443987832736,18.874032266724207,1.9782141526884465,11.25421965977894
8.352471235326716,19.76688635283313,4.520682335661668,15.358167071633762
8.014535678882108,20.5678983265697,3.529445293488168,10.865640819224929
8.624617237929272,20.696761126632698,4.478723193080011,15.937683105875404
4.663743203014706,18.37766423321579,3.3830352489844735,12.201869243186795
8.723774119622519,17.936748454299895,2.4187878620647414,11.546721039728055
5.006463568440017,20.177255304102445,2.1032237829067633,8.821304349492227
6.947631668860475,19.620151994601393,5.150636474952249,16.419633722574318
6.0341923607449095,19.772300068228436,3.9515438106708163,11.826318550085057
7.369377440403894,18.69574744999224,1.5002839724795838,12.037405140731689
6.1957286832508425,18.969133479375724,3.8774321684806967,9.52594845090668
7.0770405287473155,18.852849407238974,3.477765623744477,13.09880689300593
6.4052828978924765,18.382753085950824,4.124305916860234,9.820314553160586
6.733120337578888,20.49083686745912,3.253260879794834,11.03222915584126
6.528566866657908,20.755533336923005,2.4182305215503344,11.197657854706527
6.78680374275853,20.596899239876056,3.1551234930870478,12.117757730176336
5.627347319877352,21.137561214833003,3.452261019654028,14.359400241299644
8.135921034242244,20.176428864258316,3.096868533820184,9.929417373245341
6.702857949882252,20.480347104826983,3.9911753492596063,9.895682221828404
6.708694962910036,21.705439080034985,4.0150863346917935,18.309168717727268
7.452256040332102,20.066598181756184,1.105534201474722,16.853593076062822
6.580634205877943,21.376279182160395,2.9532882089392847,13.39999074389165
8.579074209299671,21.32173747579564,1.5014712754030066,11.667683076561687
5.313425304844968,19.780226633340675,2.0757651892190543,14.508731399790229
7.1603125176352425,20.551181694534076,3.09491034329478,12.350311882758737
7.537558104790347,21.65246215336179,2.7065261556033455,13.884484240330098
6.645898430762013,22.518079887037043,4.331332473204797,15.025917903064192
6.5233415589441295,20.383848887297745,4.277254676986999,15.250954451809173
6.343361369406198,21.31913276321093,4.715444412949865,11.389536162469383
4.592327837335935,21.235514642609136,3.479775247857877,12.473288698721287
9.545449173865414,21.78135546383343,3.163833783858112,15.761042828551275
6.635299804750134,21.400779395716217,2.8483330353369793,9.613818725320913
6.93162557950226,19.473108866777338,3.158203458768426,13.572704643886008
6.708505906974468,21.080229342023603,3.279248024524301,15.460185853763326
7.3765711786140535,20.53853473661696,3.56718818460659,10.575856488040017
8.159008752864313,19.06858300121937,2.4166941260781565,12.15693795613701
6.851292961679662,19.71838787331163,3.3681138472593637,10.39077989648192
8.180079872217544,19.05619200614616,3.6091844350226046,14.526670526735606
6.755113708600245,18.87845023028096,2.295817934264914,14.262635760566118
6.506944473613013,18.825495906026216,2.9721175771215185,13.082596356949267
5.807221340255634,20.543351637428994,2.1833211674604263,16.46666961130064
9.517080571479498,21.032454560217747,1.9084594768236893,11.101580711527761
7.505209048156243,20.859968927054773,3.0759735398301653,12.543529212332468
6.823796665899639,19.815951538330953,4.3400159176892394,13.821390475482476
7.89506206831129,19.26442243012901,2.0731951193836218,10.883153019480392
6.359874336976056,19.68309723278538,3.7103788686780845,12.008797607528926
7.5028177041329425,20.609079492326597,2.312985613758385,14.107977454347402
8.930524516593588,19.465756252676606,2.2984531081141886,15.025577509252152
6.795705575734591,20.997994264691968,4.321577493618106,12.743211445295056
7.257629095757186,20.716978103992087,2.990430861499588,13.8544982563804
6.212097173489036,19.681745156581822,4.266022309447134,11.968950259013212
5.721917359513702,20.352728631093377,2.537409809447657,12.756575236459254
7.597489557010187,20.544142675669438,2.4199295036481985,11.129457960862092
5.971704502691747,21.527425798457315,2.0065714434753215,14.981070572723196
5.614446574569206,18.949153058633044,3.3118797925599757,12.882777731923541
4.9271255431054275,20.894500456573482,2.5488094017134184,12.7760276299436
6.115175997986963,18.992460804483663,0.8468911748037167,10.214425218411417
6.391777980441694,19.500900156856133,2.9574143066097456,16.689005573383888
6.721411018399513,19.651657209088576,1.9015792140374812,16.923534168783082
7.742368981638983,21.733148897673555,3.5648863785905593,18.545043085721655
7.744300543577186,20.05088982208818,6.135142737944744,9.828825161695772
7.932073034456489,19.97461982089541,2.039776384155215,12.354505222847145
8.310120332183285,19.622616380862553,2.8528775354925995,12.164933011506063
7.328095512799252,19.40377465349355,2.314057221113589,16.142373715321792
6.545555915206795,20.546524105221557,2.4787702900675277,16.752778061222465
5.54954680645076,19.950329582561366,3.6864080762179032,13.920385136910198
6.907117118145288,20.6721969115078,2.7867248127941564,13.007494901522731
4.515983258744946,21.76552527919252,3.0918183624550366,13.931304985315418
7.4597414934953505,21.80268417903569,3.623112535271546,11.351259367067032
6.453363538606649,18.653707202904435,2.5687348736766564,13.959154321800739
8.4707077997656,19.963346632166665,3.5893191712444086,12.554946621002237
7.952887368004968,17.589373999439488,2.3743971704497393,11.266429350059033
7.878199809009579,19.67537263685098,3.593906882539377,12.63935893507789
6.283001023894887,20.798430966217325,2.2861941669787282,15.300166866245597
7.2603839801117225,19.885000591951325,4.539466238736173,17.252247752773254
6.109450409377061,19.12401040128391,4.341924938053488,13.898927547073194
7.964589962012808,22.790477695281886,3.4891564917453337,10.68885849589174
7.78513790866135,19.43709334995144,3.0800669989153637,10.99199164001915
6.901382837135615,20.26290603690377,1.4903739490930092,11.994728075632883
6.99233105718485,22.080303126669335,4.079346880991109,14.374955762954647
5.412473615956313,20.003221460392112,1.9201390564940204,11.847572070240954
5.872939116346282,18.804121729472175,2.422904401669705,13.125024177056481
7.018306281432077,20.97065199020938,2.7896440856048406,15.742302321948195
6.261240768548528,19.80670988330525,3.0620197573116488,12.619385465874572
5.5272386807862866,19.818971364867078,3.200929384079246,16.265965849245443
8.515241329508973,19.701083787587816,1.0605552508344154,11.399276991785054
6.614654842376138,19.669877088942552,2.5646718351957953,13.377949271282722
7.283810836447858,20.575577702974392,6.3110278266418,14.56139156083803
6.8538355088158065,20.57837407923535,0.7371725905538038,10.763127207422405
7.1588904892848815,19.961896474114436,3.665597972847742,6.878465401038338
8.78180623335996,22.26340590861574,3.6567003484143386,15.205005250551721
8.636674382284646,20.512726020196318,2.611909662723222,11.456339179120713
5.833573484402779,20.06198538695222,3.8187021338031557,16.76510683347945
6.780399056972471,20.590638360700886,2.7021332372780194,12.054549442658177
7.221279593638091,20.352771398850678,3.277222849964703,12.641739125507485
6.6033066212920035,20.182942871434946,3.042849158174224,15.049412193381412
8.473464575537346,18.146291317398926,4.141329124825855,17.372485600917347
6.715326143974792,20.167986916557414,3.0919484442964618,13.20783040720568
7.350798066926154,17.703358642617495,2.949723642836984,14.790294943916827
8.217152008329519,19.493684940288308,3.384344372007876,10.488149987845155
7.64827605858666,20.507965789755225,3.224741845893457,10.837561297962338
5.286418942437738,20.152815798443534,3.905056029064976,12.428802119124596
7.7360754272366465,19.194685738709065,4.235449151683242,15.170748236096516
8.972768328339473,20.411220599997822,5.445836648793392,13.236647726107666
6.660384853105633,20.26784384558043,4.46341596636308,11.89397277813811
6.939009914370336,18.484537153828576,2.5198056648040468,13.686831980329186
8.723369755426685,19.512889091069745,3.0841973723423686,14.372331307831793
7.259268041022863,21.08236110068543,3.4875636925212494,9.708576537054775
6.001145972621934,18.830764519173563,1.9482696748930715,13.391169060723024
6.676763337429745,20.09268785431015,2.939198117199655,11.94218394812345
10.121200551618863,20.12827135147713,5.02927103018021,12.575891152973442
6.848301725151875,21.197140744151127,2.111148987648372,14.258845503416355
8.478575106579923,20.89333702895423,1.8024108905784793,13.9913257945732
5.862284384742905,19.968118645063516,3.3160188368968324,14.287189770279195
7.135461895929883,20.068956219333398,3.7386687789747355,10.680478514338283
7.223959391786833,20.535392148411663,3.3495299826920855,15.753993170739852
5.981324127842974,21.028528409139163,2.9475291155227232,13.994782349061472
8.056582513726866,20.659022352039308,2.5169086306198443,10.355094512545472
8.028984509331645,20.078656896135513,4.0201043133491,14.001508525741205
7.463026379175272,18.97904189247208,3.945466230283249,15.307010376542006
6.266007500682049,19.20202757883733,4.51311489633637,14.392216374381645
7.525972306746365,18.619750528459303,1.0362792620821495,12.31433698830532
5.623988879641938,19.798751310043848,3.067294435156823,10.563901046677081
6.584123003908276,18.51574192636693,1.3466501113816083,13.930036567480597
6.937550471708503,19.190838309672785,1.897671056260179,13.627179069759071
8.777026892042958,20.423359454306063,2.0339073402189154,10.851846007218295
6.168220167958807,19.591753566886563,3.1777166179192204,11.76519541115029
8.086622324342551,20.253737791102562,2.8532628373194595,10.074178787410322
6.727603398740157,21.024096912456518,1.3531779934531194,13.966482749265506
6.550781520420914,20.23646131416737,3.3792144528289754,13.70723771794684
7.164175399659502,21.245294633164914,3.9686524329074966,17.460922233797568
11.526807209509286,18.710947027049166,5.763403604754643,11.242392480316434
16.024261051681147,20.101150833243274,8.012130525840574,13.029317156815118
12.74144452115715,20.866927528773434,6.370722260578575,14.95394095874902
13.102257155247385,20.968455216014583,6.551128577623692,12.513216982021524
15.435941068489367,21.133708135589714,7.717970534244683,17.44909205030999
13.448645039851343,21.34843610724788,6.724322519925671,17.021939375962653
16.053023670919153,18.492587631885247,8.026511835459576,11.486641310955568
12.699879364373523,20.087285767499402,6.349939682186761,12.588962630728526
13.340746883665304,21.161429947734455,6.670373441832652,13.823841738667841
12.434590598685567,20.042372428472433,6.2172952993427835,13.188375356384192
14.507134109169714,18.95491898926317,7.253567054584857,14.47752531101285
12.08541672069447,19.04096316976732,6.042708360347235,9.390626682536492
9.660176297617756,20.104555770845472,4.830088148808878,9.610042813696028
14.240617949704522,20.947153203526565,7.120308974852261,13.908048575146132
14.21482802741414,20.414771985328372,7.10741401370707,12.097933526344999
12.098901770692686,20.717148847749506,6.049450885346343,12.690872494479494
17.13487458679711,20.88309952949193,8.567437293398555,10.237271120427941
12.424904204687689,20.260783472614182,6.212452102343844,13.403554964893562
16.947888893465034,18.959123360193882,8.473944446732517,11.156247214448012
10.978668272866333,18.903198211911604,5.4893341364331665,13.740029306259745
14.661493102900575,20.404294099647053,7.330746551450288,8.250397267911152
13.962594169814551,21.39896144041492,6.9812970849072755,10.547137389766126
14.46493180564589,18.632381405863114,7.232465902822945,13.384004575154217
13.019776427855646,20.532378626169415,6.509888213927823,14.35628311650445
14.032409788424763,20.350897231606517,7.016204894212382,14.836926139207817
14.969585761992178,20.617877300786194,7.484792880996089,12.379318443387033
18.133252886386703,18.82434394701935,9.066626443193352,13.417461683044841
16.596620091836698,20.43964002650466,8.298310045918349,13.531204918976494
11.371151336506948,20.178693714309354,5.685575668253474,12.904222869274294
12.058335144786486,20.34146155694154,6.029167572393243,16.709397996268585
15.210202686656764,19.499689879381886,7.605101343328382,12.332501844437845
12.906848147503357,21.204392919529447,6.453424073751679,9.80738077952394
13.25863362375434,19.149775054162923,6.62931681187717,13.56034147057688
12.447997894625512,20.626905633009954,6.223998947312756,12.250416863249068
12.842776252113413,21.849639032813993,6.421388126056707,15.585903454352216
16.531051228064445,20.404567805150755,8.265525614032223,15.67450704956357
17.291741414653217,19.82032994214766,8.645870707326608,14.943997010828014
14.261741945875714,19.746374934014874,7.130870972937857,8.687927269470837
15.856251819384806,20.320520943512797,7.928125909692403,13.560067124135669
16.29942479891107,18.829368069431492,8.149712399455534,7.8316575449090395
15.578805424523573,21.427848748294526,7.789402712261786,13.011680756868364
14.328131735609748,19.92229717061236,7.164065867804874,11.961933446275328
15.777397032181096,19.351178083580805,7.888698516090548,16.062816953224544
15.273455844600221,20.86673115797368,7.6367279223001105,10.104602980833677
14.611217451679181,18.20760239481598,7.3056087258395905,17.356019549410405
13.147912676000526,21.43224841326498,6.573956338000263,13.739069864636727
14.092696356055324,18.36533879242255,7.046348178027662,14.528720840256632
12.795029977761663,19.512100096350927,6.397514988880832,17.443672201174145
13.174577385651434,20.327071544186477,6.587288692825717,16.95201711741082
11.578107784511182,21.083326887536018,5.789053892255591,12.018493617053686
12.672130078694787,19.827673413807226,6.336065039347393,11.910208799427194
15.22054324207208,20.15882000416184,7.61027162103604,9.448205350701489
15.415304672170917,20.038780504266565,7.7076523360854585,18.770845842068454
16.152849910087582,17.534194426494672,8.076424955043791,11.95642031095777
15.093628224191015,19.783067173505117,7.5468141120955075,13.574918843161402
17.420277624724804,20.578634535279214,8.710138812362402,16.04415574361071
12.008677778684195,19.91065219844026,6.0043388893420975,8.516208209198743
14.436836736448052,17.304242586693338,7.218418368224026,11.076437949691009
13.991552962241807,20.529424974817182,6.995776481120903,12.71021534697606
12.080801991819124,18.99470512168137,6.040400995909562,15.045508047827049
15.01114229810101,20.128905829411753,7.505571149050505,12.02542765855187
12.61296786961188,19.6799220803907,6.30648393480594,13.163476152632564
16.140973727119533,19.802450250093457,8.070486863559767,16.12995478015291
15.018274928431586,18.607327351973503,7.509137464215793,11.249928281336723
14.545728158107577,19.630860313554138,7.272864079053789,9.92713851037127
13.602000548695289,19.47163661016844,6.801000274347644,16.745828106489935
8.986129886163479,20.237138339186263,4.493064943081739,14.721152798227044
14.587484008122527,18.948262544956265,7.293742004061263,13.464723086906263
17.319266197991773,20.60090400330387,8.659633098995887,10.657733793280904
14.517052906214603,18.127290539818635,7.258526453107302,11.847053018628975
15.041091787363893,18.762330850436513,7.5205458936819465,10.528635053157144
12.070223466279431,19.1491159339193,6.035111733139716,14.842447755348262
16.367124550645045,19.757893857147334,8.183562275322522,13.966430581250904
11.50917603998715,17.375101410835516,5.754588019993575,9.04832660035686
11.47866916927608,20.20459509666404,5.73933458463804,15.646372918285664
11.971159787971843,19.97057533567361,5.985579893985921,10.855223536235538
12.28154678258839,20.372058173219116,6.140773391294195,14.609726560036655
13.168593662758951,18.498042840934765,6.584296831379476,13.084720525643473
17.900403137029095,20.82205920769614,8.950201568514547,13.561586815931339
12.077159570655972,20.19141535735698,6.038579785327986,14.018207940846603
11.693575453904632,19.00868460246627,5.846787726952316,14.029146448401416
10.45456293758251,18.838137129387903,5.227281468791255,12.820846711509379
14.503785283341589,20.46408693506316,7.2518926416707945,12.035241586419115
10.581563811345834,20.91971629422625,5.290781905672917,13.552367733490435
11.414246576733452,20.465065780277452,5.707123288366726,10.867021960214142
11.89638688615949,17.810129277316946,5.948193443079745,13.701801529712336
13.668569599922451,18.229603899152192,6.8342847999612255,12.742501723235556
14.145644017092453,21.96673788817466,7.072822008546226,13.148826576125298
14.559104380621232,20.33191133388116,7.279552190310616,10.712895758396652
12.727281879964806,18.800454314211084,6.363640939982403,17.426811933431175
9.645294439366342,19.155928167472894,4.822647219683171,13.894242983800433
14.572809558594033,19.1980290578943,7.286404779297016,16.159093750024603
15.767869289937035,19.389876850407056,7.883934644968518,12.532793520288777
9.885533917025635,20.053807160341453,4.942766958512817,13.550021896922036
14.657570935777752,21.50453885524187,7.328785467888876,9.703277117251169
13.20075561467747,20.69618217800854,6.600377807338735,9.763038118775906
18.799629516647432,18.38609675538473,9.399814758323716,12.476574204783981
11.861025130430724,20.09420719849299,5.930512565215362,13.764007545815456
15.449898397883793,21.165033485403907,7.724949198941896,11.708496778997011
14.392227540574417,20.02935957392418,7.196113770287209,11.828125605563137
15.562883547464772,19.4737312144442,7.781441773732386,11.156367574846637
12.192577135135862,18.766693930986666,6.096288567567931,14.33793338851734
13.454331507460735,20.385470149399822,6.727165753730367,11.646510216960298
16.49241858050725,19.36869217592677,8.246209290253624,12.131575253578001
11.59418741120243,21.780391247929643,5.797093705601215,11.033876745698901
15.329725662978285,20.375597614346677,7.664862831489143,13.73272146400368
12.982198406746642,20.385096662638055,6.491099203373321,13.033788120308227
16.73810703310854,21.071890048750028,8.36905351655427,13.546651159719802
17.43848104754654,20.69722085462566,8.71924052377327,14.906091128144464
12.84540082277311,20.642098843046803,6.422700411386555,13.502010680649136
16.86790276733057,20.380411835818474,8.433951383665285,10.815974600522953
14.969380209050795,17.3332351426117,7.484690104525398,14.047873009477616
14.418515160167013,19.7174055959829,7.209257580083507,8.291914132109806
10.223505912769442,20.77476866737276,5.111752956384721,7.8906803804742385
11.44881651647173,16.977967253035445,5.724408258235865,15.485583276965531
17.91284054630256,21.608089570897715,8.95642027315128,14.683119582975852
19.33568520164829,17.87946341763491,9.667842600824144,15.824238671371491
12.487977048053363,20.36873379150129,6.2439885240266815,14.383505131236408
11.023449911234575,20.5336836813283,5.511724955617288,12.11344401335543
12.380545199214202,20.137921169673195,6.190272599607101,12.809351138037652
11.815074356631715,19.872249931989703,5.907537178315858,11.539898173696843
16.697146072364,19.58886729811293,8.348573036182,13.229888822315331
12.532442823014351,20.31786398694927,6.266221411507176,14.185419530703538
10.446904764609254,21.02140544760788,5.223452382304627,12.313699543337341
15.73396085568193,19.862877031327844,7.866980427840965,9.640517979612214
14.516611540544655,20.062523335010408,7.258305770272328,14.538891276734661
15.952474539886623,20.655344106786035,7.9762372699433115,12.452318477920729
12.378073123195724,19.320428832254443,6.189036561597862,12.577514174763717
13.224175612844807,18.885349453661597,6.612087806422403,14.339969950531838
14.130611912225627,20.699823182992013,7.065305956112813,8.6005557880281
13.419827404114828,19.449982986102505,6.709913702057414,10.525019663268292
14.283917422233534,18.99818426742966,7.141958711116767,15.419305585181334
13.79090078488232,20.27692727917427,6.89545039244116,12.15637936052245
17.512102660406487,20.751519485385742,8.756051330203244,11.419279881606663
11.409487582201955,19.893359348288563,5.704743791100977,14.417642948869108
14.805729852427751,18.22757587125409,7.4028649262138755,13.863945620999717
14.069186843771819,21.43922678399986,7.034593421885909,17.033322154843507
13.470500433367834,20.59689334736517,6.735250216683917,12.632436056798987
13.995567361984707,21.619024760959963,6.997783680992353,14.511358471702334
12.375966013674,20.24645428001696,6.187983006837,12.585781488306564
14.104050370623323,19.851110937146824,7.052025185311662,12.194281482974173
14.396253437945175,21.153295115068644,7.1981267189725875,13.901001785757703
16.60855770586783,19.483670472814023,8.304278852933916,15.119266124971748
13.472125700328426,19.93029478230109,6.736062850164213,12.204848817483114
12.691675880632507,19.55167745537918,6.345837940316254,11.500709479767632
18.22757952214438,20.918904624433747,9.11378976107219,11.301053914928739
18.495566633785437,20.53156276394961,9.247783316892718,16.389642582955826
14.49260891773525,18.96893045657879,7.246304458867625,12.30517097435124
14.923925078381464,19.940223885556975,7.461962539190732,10.322873365642854
12.578448486548403,20.49044351787175,6.289224243274202,13.477432460499859
10.453189030598672,18.619367232436485,5.226594515299336,12.720129196260435
15.8805684935247,20.352017142665733,7.94028424676235,17.67822386577696
13.882398970385639,19.38597974676412,6.941199485192819,12.009670235835918
15.156873507500393,21.247364302081788,7.578436753750196,12.144450304676344
14.882720530437545,20.042893821806402,7.441360265218773,12.583003985126327
10.92358040539776,20.341754805686147,5.46179020269888,11.86431919899868
15.342543571429498,20.320460906868014,7.671271785714749,9.407577457056234
14.166063803094167,19.438680617954123,7.083031901547083,14.027356010289013
13.812830267521491,20.440648457450692,6.906415133760746,11.567413954005321
13.569689554655099,19.711091821344123,6.7848447773275495,10.55320018556796
10.715173906782002,20.259727656508467,5.357586953391001,12.528340516382281
15.053664560501643,19.669082560370423,7.526832280250821,13.370966973191543
15.176271712545368,18.8897163352229,7.588135856272684,11.898797424868597
14.807330418282902,21.543455459319382,7.403665209141451,10.358887242338593
15.674733472521773,19.314844234059304,7.837366736260886,14.019293168003296
16.431938600491378,17.49186066147811,8.215969300245689,14.988721740132775
16.36769151285062,20.071374525269714,8.18384575642531,13.170346490640217
15.808142477446035,21.125606278710013,7.904071238723017,13.889244016212189
11.208075986191286,18.88557781689459,5.604037993095643,12.130032909952211
16.503810234126114,19.71975500782765,8.251905117063057,13.969377180423766
11.405472586630506,18.4825733263186,5.702736293315253,12.881889853593659
15.619208015431907,21.19311608051729,7.809604007715953,8.205338640993217
13.302879771232892,20.59752158567022,6.651439885616446,17.003208319625358
14.74038624442364,18.14697377721052,7.37019312221182,10.95849386300925
13.860303159665046,19.355687264259306,6.930151579832523,12.345684376163238
12.79320453871923,20.397683965867497,6.396602269359615,12.878104170954327
15.810796591519132,18.445040157767817,7.905398295759566,13.795800014490815
15.017173742258969,19.31973930600687,7.508586871129484,15.581318216776083
15.326937439868265,18.286564053134583,7.663468719934133,14.639820108394144
13.661377255072761,21.08120870768546,6.8306886275363805,16.158954925537785
13.075349634547937,20.24827474097336,6.5376748172739685,8.073156380561475
16.23221631021399,20.791463284408028,8.116108155106994,12.833257869445593
12.03480180326211,20.58002331604414,6.017400901631055,14.815767513070416
14.170911075068805,21.611221572553735,7.085455537534402,13.518343764732407
15.350563511490632,22.226695872404612,7.675281755745316,9.009308484679813
15.238930946111658,20.47647604770863,7.619465473055829,15.434396197223126
16.617062606297075,20.20011431306061,8.308531303148538,16.53040334237589
12.068462128391054,18.351571020633305,6.034231064195527,14.922320233088431
15.135179058555742,20.17590727518993,7.567589529277871,12.45748496668741
13.197546968974281,19.032880050710958,6.598773484487141,11.701460120713609
15.614561195621285,20.334501414540956,7.807280597810642,14.141415780257129
15.455359530143372,17.965314731746812,7.727679765071686,14.819352708304248
16.02390676623456,20.146499013885656,8.01195338311728,11.813575404732166
12.423402077694979,19.9480069770236,6.211701038847489,11.834300813182512
12.12418272790384,19.271966755626654,6.06209136395192,11.236042545529768
14.91379457444553,17.951461935238953,7.456897287222765,15.564381236669293
11.74876978478543,19.427868509779415,5.874384892392715,12.63843674891871
14.367924950619981,19.766553817035497,7.183962475309991,11.577208140694273
13.157544503377805,20.617756854639996,6.5787722516889025,12.78135788665061
13.570973873093577,21.02963518502203,6.785486936546788,12.558060114440776
7.940701565813457,20.812582115140753,4.699726158462195,11.386952012441453
8.016076395657072,20.440560204016943,1.1164764463125274,12.779855422536087
8.294926331870508,18.131137623766513,2.448232775075927,13.758527514859098
8.657666792785161,20.08952775706113,2.5720925996159107,11.436468714711054
6.927030823407481,19.455887146571254,2.4582955037270637,14.250218845114546
7.7880256535217605,19.919240291513656,2.897934945701295,15.705152935091705
5.076977586777668,18.65383133368145,2.230102080554111,11.951274929854875
7.563191284514322,19.624072521251502,2.7989340395009825,10.25875193376978
6.631882624922931,21.286289960785425,4.209631010031199,11.253625251121257
6.58921361408143,21.073227649379966,4.162370629422076,17.18058435790231
6.69049319985823,21.368883215932037,1.9382971919839627,13.787385700461444
7.717243732585175,19.715631660876674,1.9421660852843843,13.868117492486988
5.577587170546071,20.21941569459872,2.2246708964188957,13.149955734694696
8.510466827445015,21.972157436004828,3.1834744937172745,11.890011617170577
8.534048159088817,19.11510835054271,3.0298972052698825,12.289416066123549
7.272817030016859,20.52751835677499,3.1870271219145554,15.30475082673913
8.113772751330867,20.799219927227963,3.3375514115442746,14.000996515014878
8.20456009255911,17.655842984609304,2.4971265448243054,12.480841260050532
7.792466958497486,20.800130678016213,4.093082568478388,19.038845635474885
7.70146795338702,19.87550495343916,2.8503843793517216,12.370771770454466
7.095920643401579,19.18572168199653,1.5342264430790546,14.152676531430926
7.072874458595844,19.440269205889834,4.16326822671567,14.939754414053922
8.6997191330032,19.649915448254028,3.59566312699902,12.968782974456182
6.983031316001994,18.594412608952634,3.1439801216482746,14.226403386641472
7.524309148025045,18.645288641886935,1.858594020510444,13.186947093695704
4.857653631179824,19.29738405367001,2.8756413111449275,12.977468124020925
7.087123006927681,20.293557130742112,2.186681947943848,13.371244175354619
5.302620654131666,21.896276185040602,2.5403484691685385,14.988449323698125
4.428016576879338,19.103558168364287,2.3947500492656415,10.301780800241684
7.27936526401239,18.62985950777542,3.100645154001004,12.754327412705821
6.91441886696212,20.909190231199307,2.2614224701358348,13.32714207299293
7.607070679337652,20.958679464494352,0.6174839119367523,12.635216811870668
4.888260229886875,20.48747920909047,1.8937810822445091,13.68734909817434
7.350044546579372,18.885440372468597,3.6374030620267677,12.356680621111328
7.312651598915682,19.887724858548882,4.594048894349919,13.305262095245334
6.903429915909011,20.411312842643166,2.9891773357678275,14.83815557363623
7.142081807213845,20.93818775221196,2.8903926463946172,13.849370063579128
7.775480791239004,18.747680413266295,2.3897627641651233,16.77159563204135
7.737118796037452,19.373324645041095,2.578084340619496,13.075323836553695
7.551059766152023,20.535247686554264,3.2349479453708274,11.163382171036982
6.792866246257308,21.860204707130162,3.520882744157159,13.68754094119705
5.700277459366705,21.869128735883297,4.229166036725227,10.612757869536617
6.328915138138291,18.584833073248543,3.129125165842048,12.688242002292416
7.357493358297602,19.80827072683688,2.2372378111619087,12.239068415263755
6.964708150914541,21.702745527233557,3.4838452768393324,14.7317411517882
4.961326901676879,21.731886608047734,3.78201525279647,9.566677087926653
8.990928489393504,18.931785047796676,2.9296342170394394,13.245576582441977
7.491357389252652,19.599966101639392,1.4117586876931107,13.14224036904776
7.4540094866784,19.376740033357393,3.334279699567533,11.684616362916087
8.639878080642482,20.2340885625035,2.8922813520597117,14.032061645970918
7.9790237492391975,20.91471668529367,2.5640043390657388,11.784655553912453
7.738068648830338,18.092998571793963,3.8678430890225863,15.399596859973432
6.9104850818594015,20.82444721960406,2.8129769123997614,16.983552398453597
7.189909193542272,18.63974452899423,4.531452923623155,15.450487819276887
5.367783690166274,21.05596876739389,4.687007374372014,12.340501000987521
7.277321683391964,20.891055723094713,2.3829427059092363,13.603296640695117
6.466346453077484,20.435979732686555,3.573307500401372,13.073522116885453
6.308609392062328,19.330285788138987,3.557382797313731,10.477476870109154
7.7615560391953045,20.098637506987842,1.9744511060211496,13.495481599141046
5.525732211927743,21.046466594830243,3.746190995821566,12.487302975530875
7.809205587410593,19.350605356096473,3.001296788292824,11.453617437787187
7.7926146508752066,19.817085450742503,3.4247394216943885,10.691918944683206
7.181179951896925,20.645876724265378,1.2614218408319855,11.264359525973287
6.3469459760335685,19.06110451469228,2.4830916755721386,13.444713107416993
8.166868719126498,20.88588903301656,1.5467447520961826,13.271361778382099
8.753386580989917,19.28911931185192,2.988132871320309,10.95921181476696
8.168143905883978,18.63459021720747,2.417697479317516,14.098652258172333
7.2222473006166386,20.21635651178996,2.82249278578443,13.910465592248762
7.516926063057272,19.2820763462098,2.6851446279287936,13.841397842048096
8.234253973931768,18.873329692376775,2.3169548010091034,14.015317331114948
8.80914372274792,20.339377094493415,2.654301101994644,12.073207460680507
8.50344595221732,19.416238872744877,2.30049798238099,13.569628703789562
5.513869932089916,18.996483685887075,4.79677886166772,11.19854414777965
8.207717984294295,18.12013001122734,3.334523040202343,13.407087346259573
7.4531720649185225,18.337735106691532,5.04312964241515,13.587977546254876
7.151950792776144,19.873374069486825,4.221868668656852,12.530391625594865
7.302189777891044,20.3390092501465,3.4571494315473683,12.633374050455213
6.0749966083457245,20.75747781229719,2.139852992524809,15.453101527204762
6.162876558704845,19.489594739534304,5.268818656190303,13.041491761340252
6.018960883602685,20.10385650856817,3.398860717683428,11.169299586199898
9.549276184959444,19.728288530359663,3.387282794760893,13.713580265671286
6.939584142798819,19.334082579403216,4.535142514828283,9.702651012765967
7.152280978235255,20.601814883624325,1.950806319632249,15.391810442928103
6.350862428087205,18.21255361027582,3.044158039428731,12.719544619789833
6.677809987404044,19.3307346529169,3.905780533321117,11.93522067100605
5.882544058056672,20.079142886671498,1.4174125114529301,14.176508480050572
6.634617412470784,20.41203123594948,2.2015387699912123,13.701393101267753
5.143995824787896,19.56501105768049,3.419684752554822,12.853213266135283
5.638159939719442,20.063741268642598,3.0419997803938026,12.016035133296453
7.198292763670527,18.947305200509795,2.4144488796019434,15.281136735772485
6.1562755034526555,19.62947130567448,2.49515774585766,12.473973570612197
5.252469025894893,19.525600888372534,2.619115724314581,9.806672922312663
5.9223791310042495,19.6807823001571,2.273055326171333,15.786939683905253
6.707870746396865,20.156319342700876,3.6922725814028685,10.529430262594776
6.506145537764438,19.209912035889545,1.3358251976483944,12.011466229053307
8.202887556568692,19.987559637185093,2.8841565459841974,14.657739218402504
8.049087648929492,19.977925627254542,3.8146097515890505,8.049655848019398
7.8644993690143075,18.934746179577882,2.649593580598423,10.53676516212012
7.770942634209373,20.121565619462395,4.457130042573811,13.643559814439138
6.585476505395148,20.004929412747707,2.1567771311715775,13.5832482075314
8.286803171967552,20.525978114686037,4.974628905948586,12.487094341332126
7.507104494354111,19.43637828136273,3.4267050158201307,14.031570187342046
5.996551234636058,18.528110475593888,3.4577908134891775,11.906685098575714
6.207236898192869,20.599878422540083,2.312696450502781,13.241665275173352
7.87044005702158,18.38966076100506,2.3939649980172093,12.864323501051107
6.912512989472561,18.86455797553352,1.819850732957289,12.061763207442862
5.786508422221581,19.340675893649628,4.669417757360499,14.029791130729306
5.703359706803482,20.884104946786206,3.950192776327353,15.487184838687
7.294395863325607,22.132244098130464,2.5496619574166295,14.727988373556144
7.422525105438911,20.73596226991331,3.36978534109551,10.346795110306171
6.126813885951462,20.29784578033852,0.7084314598428678,10.569559774262885
6.600584193799076,18.483471501263285,2.7166478284458737,11.696286187012003
8.807515598688376,21.50860104186172,5.001679321824145,14.717432580887483
7.598770104206152,21.54321952019103,4.607353919392821,13.656540191822836
8.200139007099926,20.831697111809287,3.416508100003247,13.305052925976005
5.845858369106311,19.670562606797827,2.978986532213997,13.58395623711295
7.179980506706216,20.014462231608313,2.8622606734772162,11.642977103658271
8.108868674616243,19.106901789011133,0.34831672685806847,16.409205260375558
7.00439352944187,19.399411568319767,3.9822817992313424,13.410552273831064
7.385829837132631,22.49149476637278,5.148667511655089,14.272827890051156
9.049976387304675,4.11696098433948,3.21533664027808,9.43465817903435
9.283702388181732,4.049278706732174,4.188616511673212,13.692983618618996
7.498702905799664,3.974721560319203,3.5004923046665968,12.601352750748482
5.346138291354928,4.144058308443698,3.0022499885892877,13.228719642876952
5.913858770668829,4.286333082661531,4.409451509791455,12.37347940909355
6.1302820045498025,3.893371633112198,3.0025724598336345,14.930513764045928
7.471019961463817,3.970684906818189,2.6933464637437505,13.00181253985497
7.256336233183068,3.6668894292000576,4.971047260693167,13.881420955921296
7.665020986978427,4.1111936867210614,3.267857767163443,14.064943161150769
6.03002115053004,3.912816977949923,2.7057242881781938,12.938570472873018
6.347655408087555,3.6631383562461917,3.9651615056070626,11.755990200617056
5.334847685299877,3.9975695701417724,4.55332798819903,9.667763978038995
7.931543533989781,3.946596138152068,1.892372281698635,11.640320831134568
8.467017344032893,4.108490413811288,2.973609532517061,10.515231547019674
8.230721924997264,3.9771192988684514,2.151750660114531,13.766703506177072
7.527289677287918,4.0537592757777015,2.575896180343282,13.321053521309977
5.662897565038206,3.9152032509424575,1.047868412059574,11.699425485967872
5.467152946266336,4.35521444885947,0.7540349551509191,16.096949024954604
8.240343861019214,3.8283589539578915,2.3746252100755996,12.85738175421599
8.677966149978804,4.110586732974404,1.989098122686809,15.644990764788702
7.227160184739038,3.923718729728993,1.744772028760786,11.17081761080157
7.628014487362022,3.8252890157040804,3.4180699157717354,7.421703482479779
8.132966128995255,4.4441576928280355,4.193862996032129,12.867643741836714
8.208297963815312,3.703903956437231,2.561603254840624,16.455649976994025
5.186175913509063,4.398606583232864,3.348553973874381,13.700934404124846
7.4199654565967235,3.7372497717098137,3.7370663561745143,14.643723691345425
6.015512018650849,3.978101617059374,1.714841681797893,9.232481091810007
7.482387118854225,4.102932621246584,4.4552773742103975,11.949168141439516
8.21615052029799,4.252813984401685,2.5357190501529265,10.616958994758097
7.0085748746930685,4.1413253344065515,2.932877163864999,10.282140310098276
6.850954788478252,3.8943029361683443,0.7953735549535503,11.248541327409093
5.077279459680148,3.9063731915218116,3.30436998199388,12.644927637221038
6.299434047848232,4.111859747312308,2.7349793316128275,15.477100947722995
5.96077365708451,3.87822282791096,3.4851013893552945,16.99071062774235
7.664176066390428,3.907539552029169,2.9761130031674763,13.649777385979425
7.325033631826993,3.954660870316639,4.81442647174445,13.987839474898506
7.891013466332096,3.690309755802213,3.286035814895047,11.336621440805342
6.650036005390736,3.9725771739050617,2.546259279947139,13.313282506226201
5.795147815577207,4.146536841001517,2.4694049261952027,12.764382495762328
6.393280292020538,3.6555238710521873,3.7934985248384105,13.277179256196883
6.332167988449202,3.9631007504147577,1.9812397387048528,13.340416059034165
6.807439396897857,4.099507893999053,4.049389826903196,10.054415144668955
6.969931386732784,4.291034663268706,1.9036713564497612,11.829079701001149
8.301802365940118,4.234644880820929,2.7814180212723674,15.429579148820647
4.732139727295685,4.153596135230179,3.627516813931337,12.371692678521685
7.519370938484316,4.279911618647372,1.2345815269106595,11.332957991832949
6.119604949872733,3.8882231455976233,3.701755880436835,11.456969105350437
6.569402900735804,3.8962950980377067,4.3845649068460455,13.341115828464254
7.557182074484479,4.0481797020624,3.6742801304454025,11.884020082104966
7.211782522796662,3.9091854731814304,2.9819943524982917,13.313538854157754
7.08728210639662,3.827861231271293,2.428771876864664,12.07094324991516
6.14926615700135,4.284622902442518,1.1726077011123466,12.971095783695198
6.710579596618782,4.183671157492067,3.214413170793419,11.495860480094278
7.700859009410246,3.9088822660563425,4.45772835958345,14.346790965347324
5.853550535852017,4.22659411477506,1.3025543269404334,12.214757991880841
6.9701118648269516,3.9023661766222086,3.899943044332134,12.82533696936781
6.342253324997311,3.9855357400530718,2.1081275770108245,17.64294133371186
6.704757847703251,4.002940004560233,2.8823745531220415,11.608072595736571
7.337808122270345,3.6663966714931804,4.593115901506821,13.792524599218554
6.835418434217972,4.221580304979502,4.42438101166164,11.387764468776778
7.646610011380499,4.143119396233168,2.1308319436415872,10.991364986125694
6.028871237277439,4.207079373105986,3.944704948889198,11.223323296721894
6.579311031393376,3.746043417586776,4.061072234749288,12.09064564884977
7.121942975463053,3.941542066137188,2.673387088255569,15.68726012854592
6.008277765100383,4.118913002224319,3.6120453580650267,13.04227549600331
6.9507056590163385,3.8826457025940124,3.499373789494344,11.277918744145886
6.209055461439307,4.035683434293783,2.932691496725263,13.021171378666653
7.921835664181484,3.8165101165632884,2.1337281051243697,17.72595633560108
8.575906730725768,3.8934833227807584,1.5517040421070885,13.021486999896798
6.579986784323868,4.367795823775578,1.9093632734944046,10.620819446556085
6.3903004942971435,3.788338128105199,2.4909110604601654,13.31371408692888
8.607176744364324,3.7863308116733045,2.680759871002986,13.059211926540275
6.994630546439439,3.9845047934468485,3.807343729964619,10.880106925573411
6.4045681225825515,4.196112027889101,2.223663046997951,17.734315361575
5.532365285150503,4.4638988550243734,3.5515763480533944,15.362092357205016
7.924848871823359,4.112829526847869,4.584593355322777,12.881337662898618
6.685263633049988,3.658776667837299,2.558603492477989,14.744997225158727
6.464891120683406,3.9712332141642683,2.7077272660506555,14.912931770106077
3.910469513104319,3.936159570716956,3.4257663317458023,13.332906242037014
7.07262966909318,4.358151634601375,2.5204405884131753,12.632072387265499
7.199356884627673,4.030623796176857,2.909337928932347,12.330149803283852
7.187782427518138,3.7776556522407954,1.2736748290614235,15.408787159188744
7.795105996933278,3.9230258094000967,4.349974014348897,14.312483323593742
6.232480657096559,3.764135245468724,1.3133880343258928,12.163916023771485
7.584809216310484,3.9500046271749873,2.4766911325920473,12.13321386205431
6.330410637393555,4.02254568539657,2.0385517299345155,14.629734919442027
7.774721737775406,3.868062588441246,3.4615797479353807,11.272600496348709
6.84705613255231,3.4489202985919167,1.694078388462442,9.693543741132029
8.173217845985837,3.979905276951378,2.8949576111920026,12.987995474290084
6.291685497633961,4.249576226114316,4.21338269619007,11.001776251930925
6.979468480682664,3.6598545502193462,2.777142209849895,14.325196672882011
7.047035238480649,4.007204392921137,2.6479050017893577,10.38529155180237
4.882020512016673,4.309586345448161,4.107870955043426,14.973385944339029
6.6577157773131255,4.092047740126599,1.9084664757037797,14.018688928398497
7.660024206180444,4.2511881958392195,2.801665289064619,16.69733542456509
7.393992877143246,4.023278761504604,2.581700038392296,14.816204550941439
7.451012318891905,3.8949727283990856,2.1891490362606096,10.145670916547708
6.886276003201098,4.062324377705426,2.73424465672441,14.304285258465978
7.663564334668538,3.9879971304720856,3.092762595184396,12.882777944939052
6.688065157762081,4.0193712701632505,3.550535028100907,12.001729215517058
6.5317250093895325,19.50450682625913,2.841170704758858,14.859803594054354
7.128330746983428,19.821500095783353,4.216930276002793,13.468459392493498
7.898726921220412,20.665569715058048,1.9225673941594785,10.959542905677147
7.567511814115347,19.855215126237244,3.450649107723644,14.281124514413456
7.020543475603496,17.604193517866722,3.351609127346557,10.181701744486825
7.109342579591983,18.907181760655092,4.126208991930233,11.0040991619521
7.782881337316614,19.83604630405319,2.547764700646986,11.615953922155223
6.52346901147654,19.387553103338508,3.7180599739507434,11.991536705165627
8.356154133850318,21.971748031859253,4.110621587473402,12.89263699666973
5.837060580223323,20.409548678528537,3.9172009867276505,14.957169554720947
5.799405687928263,19.779542075804994,3.9588934188946716,15.6367533668476
7.617443402913121,20.555645334236527,3.276119540750349,13.214378734819418
7.699664173419459,21.505710326965836,2.838050712033671,10.757463103381944
5.866132557983789,20.072853384729203,5.181869127778949,9.953959861100998
9.061768577767076,19.87747217760683,0.8786766076542243,10.760007497922667
7.535824791025835,20.12617879144495,4.021299740217019,15.959075145758257
7.105284413645067,17.650837385683378,3.0655090525811994,12.598974852761076
7.231434744852316,19.839409429860332,3.497738033083386,14.021382805261949
6.038024268668442,20.629442854551087,1.7767720665481856,11.668956525650506
8.16321720599932,20.4410210946386,2.428229224901168,12.849250308745848
7.149674392576743,20.072623108943525,3.1029598232563216,14.697561213266608
5.484535904518996,19.305875236818025,3.24553653593074,11.78517708550958
6.604809913711071,19.222900363330506,2.8442629547127805,13.731864453109806
6.012992054594433,19.47669704575248,2.5057008625186423,9.871851140419611
6.320862612836821,18.800981100377328,4.209408048532062,11.744548178375222
7.378098945213737,20.50784561752905,2.815139880378286,14.454024789387047
7.8300637295805355,19.225739036389562,4.518100467863263,12.432201152001117
6.625122334682346,18.829151450231386,2.907965280145835,11.385299180793758
6.636421342923701,19.815213125117097,2.9621929795100206,15.162700946724135
6.6412327821810235,21.76244699970382,2.776409215954723,14.18732624923928
8.265661646059204,22.12989294118104,3.0371546525927204,10.346575309073199
7.331847072316103,20.199652462055713,1.8557531874561128,13.786283034966718
7.7201201217396545,21.028346946824282,2.6411738311023836,13.16765249639892
5.116750636636754,21.694096129134433,2.6909685398141505,10.158635004309197
7.423825605835127,19.605749200315127,2.8875034693304595,14.714372763325628
8.392686323293333,20.478540518293087,5.216211977762061,12.610186753535732
7.671827007938727,19.94219951452053,1.8884284697089901,12.486724163713308
8.086203536345884,21.422295725566446,2.865686100096436,10.645934099743064
6.675746830675938,19.796872837518034,4.5552711971995965,14.118823643103639
6.806736956142026,20.900749212364722,3.635074372643421,14.074021925623482
8.367724724712232,18.615417359367818,3.3354917847441277,14.834602856870912
8.618417714663163,19.36564091899865,3.7179909997616436,13.051803369456515
5.1235739880628755,19.436781283043157,4.48075205672904,16.239802987554366
6.278809881379992,19.48679593319757,3.9882080277344754,14.089014291283494
7.590878058023473,20.139630969238876,2.6363878619277594,11.434477487793188
7.55332921513875,21.480938905715988,2.84290010270312,15.04269976375835
7.787284425937581,19.937189669529896,3.0022480560352545,14.24495848052756
7.595704910187121,20.938999352046178,2.8745051786676963,11.058540278621642
6.260926402696622,19.96512519060742,2.0175990246941593,10.330742160856488
6.215030291649452,20.021297660323494,4.561514140485919,12.522941722668012
7.47797352383595,20.26837341887323,2.667805990204783,12.308893496469668
7.841763458437118,18.82763302804541,2.6706762354162006,14.655326501699296
7.210124255896508,20.153150707255,2.899889312292448,15.301358071284604
6.161951731885814,18.94228907146642,2.7790693926285064,12.614043184018458
7.881744218991591,19.53431526313573,2.357869585963837,14.967764910431121
6.884965768392722,21.6918126663483,3.5129902173322116,12.983439909227814
8.357172086016663,20.767920833655904,3.04537626743675,16.975562943003325
5.766233491635312,21.041291883424122,0.6946085535544286,11.643754522102935
7.525319397336768,20.294845024956327,3.058135780808005,13.379657609533249
6.967025407165109,20.214607241729023,4.082089069759885,12.368489086574574
5.089708886737149,20.511890825106967,2.2784985779845943,14.915307273486395
6.495277963171493,20.927505579846738,3.0516857036529577,10.5171609610585
7.389233224349809,20.49405969591424,4.236406382355453,12.178003680910841
7.628711791423036,20.688864245472676,3.130164053074587,11.726708047746861
8.221781793700204,19.534783371398444,2.9060949514261414,14.674135644077266
8.211242204728661,18.412349629793855,3.367604016373876,16.57768001893095
8.153149290138025,19.904638202789386,4.829053738422861,12.814883592860095
7.940431604412633,20.800855638289544,1.2148294471412588,8.998853119374335
7.189559880202886,20.850206035205172,0.8418662871788642,12.057971003688687
7.763689328141879,20.26674104633747,5.375609613336927,14.566217820937764
7.4920454064668105,19.9918605646502,2.1206272908465857,12.31804601229763
6.05036913027085,18.965316453649187,2.8378579770775723,11.311849829970614
6.246948896138263,20.2545857070021,0.8788617189606516,13.493480019500701
8.651790440758782,20.61813693425692,2.175932850366344,12.286462383677984
5.885112880550175,21.588563389018994,3.621544872626287,15.479125867749845
8.36589797229932,19.946035808505414,3.524995892343498,13.547767883685088
7.764901289225496,21.251317453871394,1.407220903793634,13.475708198636726
6.560159951905649,21.598296091074698,2.4184157847573067,13.366218413369172
7.112655653416128,20.860859960423717,2.5521828799562787,14.816589419392447
8.262987100225367,21.171319699806176,2.776050109896699,8.842045678401997
